date,jour,heure,zone,frequentation,capacite,taux
2026-01-07 11:59:56,Wednesday,11,Ouest,102,500,20.4
2026-01-07 11:59:56,Wednesday,11,Est,0,500,0.0
2026-01-07 12:34:58,Wednesday,12,Ouest,68,500,13.6
2026-01-07 12:34:58,Wednesday,12,Est,0,500,0.0
2026-01-07 13:26:02,Wednesday,13,Ouest,53,500,10.6
2026-01-07 13:26:02,Wednesday,13,Est,0,500,0.0
2026-01-07 13:57:05,Wednesday,13,Ouest,52,500,10.4
2026-01-07 13:57:05,Wednesday,13,Est,0,500,0.0
2026-01-07 14:33:39,Wednesday,14,Ouest,103,500,20.6
2026-01-07 14:33:39,Wednesday,14,Est,0,500,0.0
2026-01-07 14:56:03,Wednesday,14,Ouest,101,500,20.2
2026-01-07 14:56:03,Wednesday,14,Est,0,500,0.0
2026-01-07 15:33:08,Wednesday,15,Est,0,500,0.0
2026-01-07 15:33:08,Wednesday,15,Ouest,105,500,21.0
2026-01-07 15:54:05,Wednesday,15,Ouest,112,500,22.4
2026-01-07 15:54:05,Wednesday,15,Est,0,500,0.0
2026-01-07 16:32:52,Wednesday,16,Ouest,145,500,29.0
2026-01-07 16:32:52,Wednesday,16,Est,0,500,0.0
2026-01-07 17:00:09,Wednesday,17,Ouest,182,500,36.4
2026-01-07 17:00:09,Wednesday,17,Est,0,500,0.0
2026-01-07 17:36:53,Wednesday,17,Est,0,500,0.0
2026-01-07 17:36:53,Wednesday,17,Ouest,148,500,29.6
2026-01-07 17:55:37,Wednesday,17,Ouest,129,500,25.8
2026-01-07 17:55:37,Wednesday,17,Est,0,500,0.0
2026-01-07 18:40:08,Wednesday,18,Ouest,48,500,9.6
2026-01-07 18:40:08,Wednesday,18,Est,0,500,0.0
2026-01-07 19:02:19,Wednesday,19,Ouest,48,500,9.6
2026-01-07 19:02:19,Wednesday,19,Est,0,500,0.0
2026-01-07 19:29:23,Wednesday,19,Ouest,48,500,9.6
2026-01-07 19:29:23,Wednesday,19,Est,0,500,0.0
2026-01-07 19:45:56,Wednesday,19,Ouest,48,500,9.6
2026-01-07 19:45:56,Wednesday,19,Est,0,500,0.0
2026-01-07 19:57:55,Wednesday,19,Ouest,48,500,9.6
2026-01-07 19:57:55,Wednesday,19,Est,0,500,0.0
2026-01-07 20:35:39,Wednesday,20,Ouest,48,500,9.6
2026-01-07 20:35:39,Wednesday,20,Est,0,500,0.0
2026-01-07 20:55:20,Wednesday,20,Est,0,500,0.0
2026-01-07 20:55:20,Wednesday,20,Ouest,48,500,9.6
2026-01-07 21:25:30,Wednesday,21,Ouest,48,500,9.6
2026-01-07 21:25:30,Wednesday,21,Est,0,500,0.0
2026-01-07 21:44:22,Wednesday,21,Est,0,500,0.0
2026-01-07 21:44:22,Wednesday,21,Ouest,48,500,9.6
2026-01-07 21:56:53,Wednesday,21,Ouest,48,500,9.6
2026-01-07 21:56:53,Wednesday,21,Est,0,500,0.0
2026-01-07 22:29:44,Wednesday,22,Est,0,500,0.0
2026-01-07 22:29:44,Wednesday,22,Ouest,48,500,9.6
2026-01-07 22:49:26,Wednesday,22,Ouest,48,500,9.6
2026-01-07 22:49:26,Wednesday,22,Est,0,500,0.0
2026-01-07 23:11:12,Wednesday,23,Ouest,0,500,0.0
2026-01-07 23:11:12,Wednesday,23,Est,0,500,0.0
2026-01-07 23:34:06,Wednesday,23,Ouest,0,500,0.0
2026-01-07 23:34:06,Wednesday,23,Est,0,500,0.0
2026-01-07 23:48:52,Wednesday,23,Ouest,0,500,0.0
2026-01-07 23:48:52,Wednesday,23,Est,0,500,0.0
2026-01-08 00:45:05,Thursday,0,Est,0,500,0.0
2026-01-08 00:45:05,Thursday,0,Ouest,0,500,0.0
2026-01-08 02:49:17,Thursday,2,Est,0,500,0.0
2026-01-08 02:49:17,Thursday,2,Ouest,0,500,0.0
2026-01-08 03:57:05,Thursday,3,Ouest,0,500,0.0
2026-01-08 03:57:05,Thursday,3,Est,0,500,0.0
2026-01-08 04:46:24,Thursday,4,Est,0,500,0.0
2026-01-08 04:46:24,Thursday,4,Ouest,0,500,0.0
2026-01-08 05:14:08,Thursday,5,Ouest,0,500,0.0
2026-01-08 05:14:08,Thursday,5,Est,0,500,0.0
2026-01-08 05:44:12,Thursday,5,Est,0,500,0.0
2026-01-08 05:44:12,Thursday,5,Ouest,0,500,0.0
2026-01-08 05:58:02,Thursday,5,Est,0,500,0.0
2026-01-08 05:58:02,Thursday,5,Ouest,3,500,0.6
2026-01-08 06:48:41,Thursday,6,Ouest,45,500,9.0
2026-01-08 06:48:41,Thursday,6,Est,0,500,0.0
2026-01-08 07:15:02,Thursday,7,Ouest,39,500,7.8
2026-01-08 07:15:02,Thursday,7,Est,0,500,0.0
2026-01-08 07:41:00,Thursday,7,Est,0,500,0.0
2026-01-08 07:41:00,Thursday,7,Ouest,-1,500,-0.2
2026-01-08 07:54:25,Thursday,7,Ouest,-1,500,-0.2
2026-01-08 07:54:25,Thursday,7,Est,0,500,0.0
2026-01-08 08:34:16,Thursday,8,Ouest,-1,500,-0.2
2026-01-08 08:34:16,Thursday,8,Est,0,500,0.0
2026-01-08 09:00:21,Thursday,9,Est,0,500,0.0
2026-01-08 09:00:21,Thursday,9,Ouest,-1,500,-0.2
2026-01-08 09:38:24,Thursday,9,Ouest,-1,500,-0.2
2026-01-08 09:38:24,Thursday,9,Est,0,500,0.0
2026-01-08 09:57:09,Thursday,9,Ouest,-1,500,-0.2
2026-01-08 09:57:09,Thursday,9,Est,0,500,0.0
2026-01-08 10:34:59,Thursday,10,Est,0,500,0.0
2026-01-08 10:34:59,Thursday,10,Ouest,1,500,0.2
2026-01-08 10:55:21,Thursday,10,Ouest,24,500,4.8
2026-01-08 10:55:21,Thursday,10,Est,0,500,0.0
2026-01-08 11:25:18,Thursday,11,Ouest,92,500,18.4
2026-01-08 11:25:18,Thursday,11,Est,0,500,0.0
2026-01-08 11:44:05,Thursday,11,Est,0,500,0.0
2026-01-08 11:44:05,Thursday,11,Ouest,116,500,23.2
2026-01-08 11:55:56,Thursday,11,Est,0,500,0.0
2026-01-08 11:55:56,Thursday,11,Ouest,123,500,24.6
2026-01-08 12:59:02,Thursday,12,Est,0,500,0.0
2026-01-08 12:59:02,Thursday,12,Ouest,30,500,6.0
2026-01-08 13:48:23,Thursday,13,Ouest,0,500,0.0
2026-01-08 13:48:23,Thursday,13,Est,0,500,0.0
2026-01-08 14:13:28,Thursday,14,Est,0,500,0.0
2026-01-08 14:13:28,Thursday,14,Ouest,-3,500,-0.6
2026-01-08 14:47:19,Thursday,14,Ouest,-3,500,-0.6
2026-01-08 14:47:19,Thursday,14,Est,0,500,0.0
2026-01-08 15:13:00,Thursday,15,Ouest,7,500,1.4
2026-01-08 15:13:00,Thursday,15,Est,0,500,0.0
2026-01-08 15:44:21,Thursday,15,Ouest,51,500,10.2
2026-01-08 15:44:21,Thursday,15,Est,0,500,0.0
2026-01-08 16:01:06,Thursday,16,Ouest,69,500,13.8
2026-01-08 16:01:06,Thursday,16,Est,0,500,0.0
2026-01-08 16:46:05,Thursday,16,Ouest,120,500,24.0
2026-01-08 16:46:05,Thursday,16,Est,0,500,0.0
2026-01-08 17:15:34,Thursday,17,Est,0,500,0.0
2026-01-08 17:15:34,Thursday,17,Ouest,142,500,28.4
2026-01-08 17:47:01,Thursday,17,Ouest,134,500,26.8
2026-01-08 17:47:01,Thursday,17,Est,0,500,0.0
2026-01-08 18:00:49,Thursday,18,Est,0,500,0.0
2026-01-08 18:00:49,Thursday,18,Ouest,132,500,26.4
2026-01-08 18:43:34,Thursday,18,Ouest,100,500,20.0
2026-01-08 18:43:34,Thursday,18,Est,0,500,0.0
2026-01-08 19:01:44,Thursday,19,Ouest,92,500,18.4
2026-01-08 19:01:44,Thursday,19,Est,0,500,0.0
2026-01-08 19:29:24,Thursday,19,Est,0,500,0.0
2026-01-08 19:29:24,Thursday,19,Ouest,65,500,13.0
2026-01-08 19:45:22,Thursday,19,Est,0,500,0.0
2026-01-08 19:45:22,Thursday,19,Ouest,43,500,8.6
2026-01-08 19:57:45,Thursday,19,Est,0,500,0.0
2026-01-08 19:57:45,Thursday,19,Ouest,37,500,7.4
2026-01-08 20:34:59,Thursday,20,Est,0,500,0.0
2026-01-08 20:34:59,Thursday,20,Ouest,-6,500,-1.2
2026-01-08 20:53:25,Thursday,20,Ouest,-11,500,-2.2
2026-01-08 20:53:25,Thursday,20,Est,0,500,0.0
2026-01-08 21:20:49,Thursday,21,Est,0,500,0.0
2026-01-08 21:20:49,Thursday,21,Ouest,-11,500,-2.2
2026-01-08 21:41:24,Thursday,21,Ouest,-11,500,-2.2
2026-01-08 21:41:24,Thursday,21,Est,0,500,0.0
2026-01-08 21:54:20,Thursday,21,Ouest,-11,500,-2.2
2026-01-08 21:54:20,Thursday,21,Est,0,500,0.0
2026-01-08 22:23:27,Thursday,22,Ouest,-11,500,-2.2
2026-01-08 22:23:27,Thursday,22,Est,0,500,0.0
2026-01-08 22:46:23,Thursday,22,Ouest,-11,500,-2.2
2026-01-08 22:46:23,Thursday,22,Est,0,500,0.0
2026-01-08 22:58:46,Thursday,22,Ouest,-11,500,-2.2
2026-01-08 22:58:46,Thursday,22,Est,0,500,0.0
2026-01-08 23:26:01,Thursday,23,Est,0,500,0.0
2026-01-08 23:26:01,Thursday,23,Ouest,0,500,0.0
2026-01-08 23:42:57,Thursday,23,Ouest,0,500,0.0
2026-01-08 23:42:57,Thursday,23,Est,0,500,0.0
2026-01-08 23:55:29,Thursday,23,Est,0,500,0.0
2026-01-08 23:55:29,Thursday,23,Ouest,0,500,0.0
2026-01-09 02:05:25,Friday,2,Est,0,500,0.0
2026-01-09 02:05:25,Friday,2,Ouest,0,500,0.0
2026-01-09 03:46:34,Friday,3,Ouest,0,500,0.0
2026-01-09 03:46:34,Friday,3,Est,0,500,0.0
2026-01-09 04:29:29,Friday,4,Est,0,500,0.0
2026-01-09 04:29:29,Friday,4,Ouest,0,500,0.0
2026-01-09 05:00:43,Friday,5,Ouest,0,500,0.0
2026-01-09 05:00:43,Friday,5,Est,0,500,0.0
2026-01-09 05:37:13,Friday,5,Est,0,500,0.0
2026-01-09 05:37:13,Friday,5,Ouest,0,500,0.0
2026-01-09 05:54:54,Friday,5,Ouest,0,500,0.0
2026-01-09 05:54:54,Friday,5,Est,0,500,0.0
2026-01-09 06:39:37,Friday,6,Ouest,18,500,3.6
2026-01-09 06:39:37,Friday,6,Est,0,500,0.0
2026-01-09 07:03:20,Friday,7,Est,0,500,0.0
2026-01-09 07:03:20,Friday,7,Ouest,18,500,3.6
2026-01-09 07:35:49,Friday,7,Ouest,-8,500,-1.6
2026-01-09 07:35:49,Friday,7,Est,0,500,0.0
2026-01-09 07:51:53,Friday,7,Ouest,0,500,0.0
2026-01-09 07:51:53,Friday,7,Est,0,500,0.0
2026-01-09 08:24:12,Friday,8,Est,0,500,0.0
2026-01-09 08:24:12,Friday,8,Ouest,0,500,0.0
2026-01-09 08:55:06,Friday,8,Ouest,0,500,0.0
2026-01-09 08:55:06,Friday,8,Est,0,500,0.0
2026-01-09 09:32:47,Friday,9,Ouest,0,500,0.0
2026-01-09 09:32:47,Friday,9,Est,0,500,0.0
2026-01-09 09:54:30,Friday,9,Ouest,0,500,0.0
2026-01-09 09:54:30,Friday,9,Est,0,500,0.0
2026-01-09 10:27:04,Friday,10,Ouest,29,500,5.8
2026-01-09 10:27:04,Friday,10,Est,0,500,0.0
2026-01-09 10:51:30,Friday,10,Ouest,72,500,14.4
2026-01-09 10:51:30,Friday,10,Est,0,500,0.0
2026-01-09 11:15:06,Friday,11,Ouest,107,500,21.4
2026-01-09 11:15:06,Friday,11,Est,0,500,0.0
2026-01-09 11:34:53,Friday,11,Ouest,128,500,25.6
2026-01-09 11:34:53,Friday,11,Est,0,500,0.0
2026-01-09 11:48:51,Friday,11,Est,0,500,0.0
2026-01-09 11:48:51,Friday,11,Ouest,130,500,26.0
2026-01-09 12:18:56,Friday,12,Est,0,500,0.0
2026-01-09 12:18:56,Friday,12,Ouest,108,500,21.6
2026-01-09 13:10:23,Friday,13,Ouest,2,500,0.4
2026-01-09 13:10:23,Friday,13,Est,0,500,0.0
2026-01-09 13:50:43,Friday,13,Est,0,500,0.0
2026-01-09 13:50:43,Friday,13,Ouest,0,500,0.0
2026-01-09 14:17:37,Friday,14,Ouest,0,500,0.0
2026-01-09 14:17:37,Friday,14,Est,0,500,0.0
2026-01-09 14:45:46,Friday,14,Est,0,500,0.0
2026-01-09 14:45:46,Friday,14,Ouest,0,500,0.0
2026-01-09 15:00:18,Friday,15,Ouest,0,500,0.0
2026-01-09 15:00:18,Friday,15,Est,0,500,0.0
2026-01-09 15:35:30,Friday,15,Ouest,14,500,2.8
2026-01-09 15:35:30,Friday,15,Est,0,500,0.0
2026-01-09 15:54:20,Friday,15,Ouest,40,500,8.0
2026-01-09 15:54:20,Friday,15,Est,0,500,0.0
2026-01-09 16:30:27,Friday,16,Ouest,127,500,25.4
2026-01-09 16:30:27,Friday,16,Est,0,500,0.0
2026-01-09 16:58:00,Friday,16,Ouest,165,500,33.0
2026-01-09 16:58:00,Friday,16,Est,0,500,0.0
2026-01-09 17:31:50,Friday,17,Ouest,113,500,22.6
2026-01-09 17:31:50,Friday,17,Est,0,500,0.0
2026-01-09 17:51:27,Friday,17,Ouest,122,500,24.4
2026-01-09 17:51:27,Friday,17,Est,0,500,0.0
2026-01-09 18:24:03,Friday,18,Ouest,94,500,18.8
2026-01-09 18:24:03,Friday,18,Est,0,500,0.0
2026-01-09 18:55:25,Friday,18,Ouest,82,500,16.4
2026-01-09 18:55:25,Friday,18,Est,0,500,0.0
2026-01-09 19:24:07,Friday,19,Ouest,82,500,16.4
2026-01-09 19:24:07,Friday,19,Est,0,500,0.0
2026-01-09 19:41:01,Friday,19,Ouest,98,500,19.6
2026-01-09 19:41:01,Friday,19,Est,0,500,0.0
2026-01-09 19:53:31,Friday,19,Est,0,500,0.0
2026-01-09 19:53:31,Friday,19,Ouest,73,500,14.6
2026-01-09 20:24:51,Friday,20,Ouest,0,500,0.0
2026-01-09 20:24:51,Friday,20,Est,0,500,0.0
2026-01-09 20:47:08,Friday,20,Ouest,0,500,0.0
2026-01-09 20:47:08,Friday,20,Est,0,500,0.0
2026-01-09 20:58:54,Friday,20,Ouest,0,500,0.0
2026-01-09 20:58:54,Friday,20,Est,0,500,0.0
2026-01-09 21:29:59,Friday,21,Ouest,0,500,0.0
2026-01-09 21:29:59,Friday,21,Est,0,500,0.0
2026-01-09 21:46:49,Friday,21,Ouest,0,500,0.0
2026-01-09 21:46:49,Friday,21,Est,0,500,0.0
2026-01-09 21:58:44,Friday,21,Est,0,500,0.0
2026-01-09 21:58:44,Friday,21,Ouest,0,500,0.0
2026-01-09 22:31:42,Friday,22,Est,0,500,0.0
2026-01-09 22:31:42,Friday,22,Ouest,0,500,0.0
2026-01-09 22:50:18,Friday,22,Ouest,0,500,0.0
2026-01-09 22:50:18,Friday,22,Est,0,500,0.0
2026-01-09 23:13:02,Friday,23,Est,0,500,0.0
2026-01-09 23:13:02,Friday,23,Ouest,0,500,0.0
2026-01-09 23:34:40,Friday,23,Ouest,0,500,0.0
2026-01-09 23:34:40,Friday,23,Est,0,500,0.0
2026-01-09 23:49:16,Friday,23,Ouest,0,500,0.0
2026-01-09 23:49:16,Friday,23,Est,0,500,0.0
2026-01-10 00:50:22,Saturday,0,Ouest,0,500,0.0
2026-01-10 00:50:22,Saturday,0,Est,0,500,0.0
2026-01-10 02:47:54,Saturday,2,Est,0,500,0.0
2026-01-10 02:47:54,Saturday,2,Ouest,0,500,0.0
2026-01-10 03:49:54,Saturday,3,Ouest,0,500,0.0
2026-01-10 03:49:54,Saturday,3,Est,0,500,0.0
2026-01-10 04:26:13,Saturday,4,Ouest,0,500,0.0
2026-01-10 04:26:13,Saturday,4,Est,0,500,0.0
2026-01-10 04:55:37,Saturday,4,Ouest,0,500,0.0
2026-01-10 04:55:37,Saturday,4,Est,0,500,0.0
2026-01-10 05:27:24,Saturday,5,Est,0,500,0.0
2026-01-10 05:27:24,Saturday,5,Ouest,0,500,0.0
2026-01-10 05:46:45,Saturday,5,Ouest,0,500,0.0
2026-01-10 05:46:45,Saturday,5,Est,0,500,0.0
2026-01-10 05:58:59,Saturday,5,Ouest,0,500,0.0
2026-01-10 05:58:59,Saturday,5,Est,0,500,0.0
2026-01-10 06:42:44,Saturday,6,Ouest,0,500,0.0
2026-01-10 06:42:44,Saturday,6,Est,0,500,0.0
2026-01-10 06:59:35,Saturday,6,Est,0,500,0.0
2026-01-10 06:59:35,Saturday,6,Ouest,0,500,0.0
2026-01-10 07:28:35,Saturday,7,Ouest,0,500,0.0
2026-01-10 07:28:35,Saturday,7,Est,0,500,0.0
2026-01-10 07:43:38,Saturday,7,Est,0,500,0.0
2026-01-10 07:43:38,Saturday,7,Ouest,0,500,0.0
2026-01-10 07:56:00,Saturday,7,Ouest,29,500,5.8
2026-01-10 07:56:00,Saturday,7,Est,0,500,0.0
2026-01-10 08:34:20,Saturday,8,Est,0,500,0.0
2026-01-10 08:34:20,Saturday,8,Ouest,49,500,9.8
2026-01-10 08:54:16,Saturday,8,Ouest,50,500,10.0
2026-01-10 08:54:16,Saturday,8,Est,0,500,0.0
2026-01-10 09:22:27,Saturday,9,Ouest,65,500,13.0
2026-01-10 09:22:27,Saturday,9,Est,0,500,0.0
2026-01-10 09:40:41,Saturday,9,Est,0,500,0.0
2026-01-10 09:40:41,Saturday,9,Ouest,108,500,21.6
2026-01-10 09:53:05,Saturday,9,Est,0,500,0.0
2026-01-10 09:53:05,Saturday,9,Ouest,100,500,20.0
2026-01-10 10:19:32,Saturday,10,Ouest,92,500,18.4
2026-01-10 10:19:32,Saturday,10,Est,0,500,0.0
2026-01-10 10:41:50,Saturday,10,Ouest,80,500,16.0
2026-01-10 10:41:50,Saturday,10,Est,0,500,0.0
2026-01-10 10:54:31,Saturday,10,Est,0,500,0.0
2026-01-10 10:54:31,Saturday,10,Ouest,73,500,14.6
2026-01-10 11:19:32,Saturday,11,Ouest,58,500,11.6
2026-01-10 11:19:32,Saturday,11,Est,0,500,0.0
2026-01-10 11:34:20,Saturday,11,Ouest,63,500,12.6
2026-01-10 11:34:20,Saturday,11,Est,0,500,0.0
2026-01-10 11:46:46,Saturday,11,Est,0,500,0.0
2026-01-10 11:46:46,Saturday,11,Ouest,81,500,16.2
2026-01-10 11:58:31,Saturday,11,Ouest,81,500,16.2
2026-01-10 11:58:31,Saturday,11,Est,0,500,0.0
2026-01-10 12:56:59,Saturday,12,Est,0,500,0.0
2026-01-10 12:56:59,Saturday,12,Ouest,70,500,14.0
2026-01-10 13:35:34,Saturday,13,Ouest,55,500,11.0
2026-01-10 13:35:34,Saturday,13,Est,0,500,0.0
2026-01-10 13:51:02,Saturday,13,Est,0,500,0.0
2026-01-10 13:51:02,Saturday,13,Ouest,54,500,10.8
2026-01-10 14:13:13,Saturday,14,Ouest,69,500,13.8
2026-01-10 14:13:13,Saturday,14,Est,0,500,0.0
2026-01-10 14:36:35,Saturday,14,Ouest,67,500,13.4
2026-01-10 14:36:35,Saturday,14,Est,0,500,0.0
2026-01-10 14:50:58,Saturday,14,Ouest,66,500,13.2
2026-01-10 14:50:58,Saturday,14,Est,0,500,0.0
2026-01-10 15:13:42,Saturday,15,Ouest,77,500,15.4
2026-01-10 15:13:42,Saturday,15,Est,0,500,0.0
2026-01-10 15:34:31,Saturday,15,Ouest,94,500,18.8
2026-01-10 15:34:31,Saturday,15,Est,0,500,0.0
2026-01-10 15:48:16,Saturday,15,Ouest,101,500,20.2
2026-01-10 15:48:16,Saturday,15,Est,0,500,0.0
2026-01-10 16:00:32,Saturday,16,Ouest,107,500,21.4
2026-01-10 16:00:32,Saturday,16,Est,0,500,0.0
2026-01-10 16:36:08,Saturday,16,Ouest,57,500,11.4
2026-01-10 16:36:08,Saturday,16,Est,0,500,0.0
2026-01-10 16:54:10,Saturday,16,Est,0,500,0.0
2026-01-10 16:54:10,Saturday,16,Ouest,32,500,6.4
2026-01-10 17:19:03,Saturday,17,Ouest,-17,500,-3.4
2026-01-10 17:19:03,Saturday,17,Est,0,500,0.0
2026-01-10 17:38:18,Saturday,17,Ouest,-17,500,-3.4
2026-01-10 17:38:18,Saturday,17,Est,0,500,0.0
2026-01-10 17:50:42,Saturday,17,Est,0,500,0.0
2026-01-10 17:50:42,Saturday,17,Ouest,-17,500,-3.4
2026-01-10 18:19:15,Saturday,18,Est,0,500,0.0
2026-01-10 18:19:15,Saturday,18,Ouest,-17,500,-3.4
2026-01-10 18:47:55,Saturday,18,Ouest,-17,500,-3.4
2026-01-10 18:47:55,Saturday,18,Est,0,500,0.0
2026-01-10 19:00:55,Saturday,19,Ouest,-17,500,-3.4
2026-01-10 19:00:55,Saturday,19,Est,0,500,0.0
2026-01-10 19:24:21,Saturday,19,Est,0,500,0.0
2026-01-10 19:24:21,Saturday,19,Ouest,-17,500,-3.4
2026-01-10 19:38:39,Saturday,19,Ouest,-17,500,-3.4
2026-01-10 19:38:39,Saturday,19,Est,0,500,0.0
2026-01-10 19:50:58,Saturday,19,Ouest,-17,500,-3.4
2026-01-10 19:50:58,Saturday,19,Est,0,500,0.0
2026-01-10 20:15:05,Saturday,20,Ouest,-17,500,-3.4
2026-01-10 20:15:05,Saturday,20,Est,0,500,0.0
2026-01-10 20:38:47,Saturday,20,Ouest,-17,500,-3.4
2026-01-10 20:38:47,Saturday,20,Est,0,500,0.0
2026-01-10 20:53:05,Saturday,20,Est,0,500,0.0
2026-01-10 20:53:05,Saturday,20,Ouest,-17,500,-3.4
2026-01-10 21:17:20,Saturday,21,Ouest,-17,500,-3.4
2026-01-10 21:17:20,Saturday,21,Est,0,500,0.0
2026-01-10 21:35:03,Saturday,21,Est,0,500,0.0
2026-01-10 21:35:03,Saturday,21,Ouest,-17,500,-3.4
2026-01-10 21:47:55,Saturday,21,Est,0,500,0.0
2026-01-10 21:47:55,Saturday,21,Ouest,-17,500,-3.4
2026-01-10 21:59:54,Saturday,21,Ouest,-17,500,-3.4
2026-01-10 21:59:54,Saturday,21,Est,0,500,0.0
2026-01-10 22:30:37,Saturday,22,Ouest,-17,500,-3.4
2026-01-10 22:30:37,Saturday,22,Est,0,500,0.0
2026-01-10 22:48:20,Saturday,22,Est,0,500,0.0
2026-01-10 22:48:20,Saturday,22,Ouest,-17,500,-3.4
2026-01-10 23:00:10,Saturday,23,Ouest,-17,500,-3.4
2026-01-10 23:00:10,Saturday,23,Est,0,500,0.0
2026-01-10 23:28:19,Saturday,23,Ouest,0,500,0.0
2026-01-10 23:28:19,Saturday,23,Est,0,500,0.0
2026-01-10 23:44:31,Saturday,23,Ouest,0,500,0.0
2026-01-10 23:44:31,Saturday,23,Est,0,500,0.0
2026-01-10 23:56:45,Saturday,23,Est,0,500,0.0
2026-01-10 23:56:45,Saturday,23,Ouest,0,500,0.0
2026-01-11 02:34:14,Sunday,2,Ouest,0,500,0.0
2026-01-11 02:34:14,Sunday,2,Est,0,500,0.0
2026-01-11 04:03:12,Sunday,4,Est,0,500,0.0
2026-01-11 04:03:12,Sunday,4,Ouest,0,500,0.0
2026-01-11 05:29:24,Sunday,5,Est,0,500,0.0
2026-01-11 05:29:24,Sunday,5,Ouest,0,500,0.0
2026-01-11 05:51:24,Sunday,5,Ouest,0,500,0.0
2026-01-11 05:51:24,Sunday,5,Est,0,500,0.0
2026-01-11 06:23:51,Sunday,6,Est,0,500,0.0
2026-01-11 06:23:51,Sunday,6,Ouest,0,500,0.0
2026-01-11 06:54:30,Sunday,6,Ouest,0,500,0.0
2026-01-11 06:54:30,Sunday,6,Est,0,500,0.0
2026-01-11 07:22:49,Sunday,7,Est,0,500,0.0
2026-01-11 07:22:49,Sunday,7,Ouest,0,500,0.0
2026-01-11 07:40:37,Sunday,7,Ouest,0,500,0.0
2026-01-11 07:40:37,Sunday,7,Est,0,500,0.0
2026-01-11 07:52:25,Sunday,7,Ouest,0,500,0.0
2026-01-11 07:52:25,Sunday,7,Est,0,500,0.0
2026-01-11 08:22:48,Sunday,8,Ouest,52,500,10.4
2026-01-11 08:22:48,Sunday,8,Est,0,500,0.0
2026-01-11 08:48:18,Sunday,8,Ouest,80,500,16.0
2026-01-11 08:48:18,Sunday,8,Est,0,500,0.0
2026-01-11 09:00:02,Sunday,9,Ouest,105,500,21.0
2026-01-11 09:00:02,Sunday,9,Est,0,500,0.0
2026-01-11 09:31:04,Sunday,9,Ouest,139,500,27.8
2026-01-11 09:31:04,Sunday,9,Est,0,500,0.0
2026-01-11 09:47:18,Sunday,9,Est,0,500,0.0
2026-01-11 09:47:18,Sunday,9,Ouest,155,500,31.0
2026-01-11 09:59:02,Sunday,9,Ouest,158,500,31.6
2026-01-11 09:59:02,Sunday,9,Est,0,500,0.0
2026-01-11 10:32:16,Sunday,10,Ouest,192,500,38.4
2026-01-11 10:32:16,Sunday,10,Est,0,500,0.0
2026-01-11 10:50:09,Sunday,10,Ouest,190,500,38.0
2026-01-11 10:50:09,Sunday,10,Est,0,500,0.0
2026-01-11 11:10:14,Sunday,11,Ouest,155,500,31.0
2026-01-11 11:10:14,Sunday,11,Est,0,500,0.0
2026-01-11 11:29:23,Sunday,11,Est,0,500,0.0
2026-01-11 11:29:23,Sunday,11,Ouest,133,500,26.6
2026-01-11 11:43:45,Sunday,11,Ouest,93,500,18.6
2026-01-11 11:43:45,Sunday,11,Est,0,500,0.0
2026-01-11 11:55:54,Sunday,11,Est,0,500,0.0
2026-01-11 11:55:54,Sunday,11,Ouest,47,500,9.4
2026-01-11 12:53:42,Sunday,12,Est,0,500,0.0
2026-01-11 12:53:42,Sunday,12,Ouest,26,500,5.2
2026-01-11 13:30:15,Sunday,13,Est,0,500,0.0
2026-01-11 13:30:15,Sunday,13,Ouest,30,500,6.0
2026-01-11 13:49:48,Sunday,13,Est,0,500,0.0
2026-01-11 13:49:48,Sunday,13,Ouest,25,500,5.0
2026-01-11 14:10:43,Sunday,14,Ouest,54,500,10.8
2026-01-11 14:10:43,Sunday,14,Est,0,500,0.0
2026-01-11 14:35:21,Sunday,14,Ouest,98,500,19.6
2026-01-11 14:35:21,Sunday,14,Est,0,500,0.0
2026-01-11 14:50:09,Sunday,14,Est,0,500,0.0
2026-01-11 14:50:09,Sunday,14,Ouest,114,500,22.8
2026-01-11 15:11:54,Sunday,15,Est,0,500,0.0
2026-01-11 15:11:54,Sunday,15,Ouest,156,500,31.2
2026-01-11 15:34:07,Sunday,15,Est,0,500,0.0
2026-01-11 15:34:07,Sunday,15,Ouest,183,500,36.6
2026-01-11 15:48:05,Sunday,15,Ouest,198,500,39.6
2026-01-11 15:48:05,Sunday,15,Est,0,500,0.0
2026-01-11 16:00:27,Sunday,16,Ouest,189,500,37.8
2026-01-11 16:00:27,Sunday,16,Est,0,500,0.0
2026-01-11 16:36:21,Sunday,16,Ouest,142,500,28.4
2026-01-11 16:36:21,Sunday,16,Est,0,500,0.0
2026-01-11 16:54:45,Sunday,16,Est,0,500,0.0
2026-01-11 16:54:45,Sunday,16,Ouest,112,500,22.4
2026-01-11 17:20:32,Sunday,17,Est,0,500,0.0
2026-01-11 17:20:32,Sunday,17,Ouest,25,500,5.0
2026-01-11 17:39:29,Sunday,17,Est,0,500,0.0
2026-01-11 17:39:29,Sunday,17,Ouest,25,500,5.0
2026-01-11 17:51:05,Sunday,17,Ouest,25,500,5.0
2026-01-11 17:51:05,Sunday,17,Est,0,500,0.0
2026-01-11 18:20:59,Sunday,18,Ouest,25,500,5.0
2026-01-11 18:20:59,Sunday,18,Est,0,500,0.0
2026-01-11 18:49:12,Sunday,18,Ouest,25,500,5.0
2026-01-11 18:49:12,Sunday,18,Est,0,500,0.0
2026-01-11 19:07:42,Sunday,19,Est,0,500,0.0
2026-01-11 19:07:42,Sunday,19,Ouest,25,500,5.0
2026-01-11 19:27:31,Sunday,19,Ouest,25,500,5.0
2026-01-11 19:27:31,Sunday,19,Est,0,500,0.0
2026-01-11 19:41:44,Sunday,19,Ouest,25,500,5.0
2026-01-11 19:41:44,Sunday,19,Est,0,500,0.0
2026-01-11 19:54:12,Sunday,19,Ouest,25,500,5.0
2026-01-11 19:54:12,Sunday,19,Est,0,500,0.0
2026-01-11 20:25:08,Sunday,20,Ouest,25,500,5.0
2026-01-11 20:25:08,Sunday,20,Est,0,500,0.0
2026-01-11 20:45:09,Sunday,20,Ouest,25,500,5.0
2026-01-11 20:45:09,Sunday,20,Est,0,500,0.0
2026-01-11 20:57:14,Sunday,20,Ouest,25,500,5.0
2026-01-11 20:57:14,Sunday,20,Est,0,500,0.0
2026-01-11 21:26:16,Sunday,21,Ouest,25,500,5.0
2026-01-11 21:26:16,Sunday,21,Est,0,500,0.0
2026-01-11 21:42:32,Sunday,21,Ouest,25,500,5.0
2026-01-11 21:42:32,Sunday,21,Est,0,500,0.0
2026-01-11 21:54:49,Sunday,21,Est,0,500,0.0
2026-01-11 21:54:49,Sunday,21,Ouest,25,500,5.0
2026-01-11 22:23:25,Sunday,22,Est,0,500,0.0
2026-01-11 22:23:25,Sunday,22,Ouest,25,500,5.0
2026-01-11 22:43:30,Sunday,22,Ouest,25,500,5.0
2026-01-11 22:43:30,Sunday,22,Est,0,500,0.0
2026-01-11 22:55:47,Sunday,22,Ouest,25,500,5.0
2026-01-11 22:55:47,Sunday,22,Est,0,500,0.0
2026-01-11 23:25:07,Sunday,23,Est,0,500,0.0
2026-01-11 23:25:07,Sunday,23,Ouest,0,500,0.0
2026-01-11 23:42:29,Sunday,23,Ouest,0,500,0.0
2026-01-11 23:42:29,Sunday,23,Est,0,500,0.0
2026-01-11 23:54:55,Sunday,23,Ouest,0,500,0.0
2026-01-11 23:54:55,Sunday,23,Est,0,500,0.0
2026-01-12 02:05:14,Monday,2,Est,0,500,0.0
2026-01-12 02:05:14,Monday,2,Ouest,0,500,0.0
2026-01-12 03:56:33,Monday,3,Est,0,500,0.0
2026-01-12 03:56:33,Monday,3,Ouest,0,500,0.0
2026-01-12 04:55:48,Monday,4,Ouest,0,500,0.0
2026-01-12 04:55:48,Monday,4,Est,0,500,0.0
2026-01-12 05:35:15,Monday,5,Est,0,500,0.0
2026-01-12 05:35:15,Monday,5,Ouest,0,500,0.0
2026-01-12 05:57:07,Monday,5,Ouest,0,500,0.0
2026-01-12 05:57:07,Monday,5,Est,0,500,0.0
2026-01-12 06:50:58,Monday,6,Ouest,0,500,0.0
2026-01-12 06:50:58,Monday,6,Est,0,500,0.0
2026-01-12 07:21:44,Monday,7,Ouest,0,500,0.0
2026-01-12 07:21:44,Monday,7,Est,0,500,0.0
2026-01-12 07:46:20,Monday,7,Ouest,0,500,0.0
2026-01-12 07:46:20,Monday,7,Est,0,500,0.0
2026-01-12 07:58:31,Monday,7,Ouest,0,500,0.0
2026-01-12 07:58:31,Monday,7,Est,0,500,0.0
2026-01-12 08:46:01,Monday,8,Est,0,500,0.0
2026-01-12 08:46:01,Monday,8,Ouest,0,500,0.0
2026-01-12 09:18:38,Monday,9,Est,0,500,0.0
2026-01-12 09:18:38,Monday,9,Ouest,0,500,0.0
2026-01-12 09:50:45,Monday,9,Ouest,0,500,0.0
2026-01-12 09:50:45,Monday,9,Est,0,500,0.0
2026-01-12 10:18:13,Monday,10,Ouest,0,500,0.0
2026-01-12 10:18:13,Monday,10,Est,0,500,0.0
2026-01-12 10:47:39,Monday,10,Ouest,0,500,0.0
2026-01-12 10:47:39,Monday,10,Est,0,500,0.0
2026-01-12 11:01:47,Monday,11,Ouest,0,500,0.0
2026-01-12 11:01:47,Monday,11,Est,0,500,0.0
2026-01-12 11:31:13,Monday,11,Ouest,0,500,0.0
2026-01-12 11:31:13,Monday,11,Est,0,500,0.0
2026-01-12 11:47:41,Monday,11,Ouest,0,500,0.0
2026-01-12 11:47:41,Monday,11,Est,0,500,0.0
2026-01-12 11:59:48,Monday,11,Est,0,500,0.0
2026-01-12 11:59:48,Monday,11,Ouest,0,500,0.0
2026-01-12 13:06:40,Monday,13,Ouest,0,500,0.0
2026-01-12 13:06:40,Monday,13,Est,0,500,0.0
2026-01-12 13:52:18,Monday,13,Ouest,0,500,0.0
2026-01-12 13:52:18,Monday,13,Est,0,500,0.0
2026-01-12 14:22:35,Monday,14,Ouest,0,500,0.0
2026-01-12 14:22:35,Monday,14,Est,0,500,0.0
2026-01-12 14:53:14,Monday,14,Ouest,0,500,0.0
2026-01-12 14:53:14,Monday,14,Est,0,500,0.0
2026-01-12 15:24:49,Monday,15,Est,0,500,0.0
2026-01-12 15:24:49,Monday,15,Ouest,38,500,7.6
2026-01-12 15:51:00,Monday,15,Ouest,40,500,8.0
2026-01-12 15:51:00,Monday,15,Est,0,500,0.0
2026-01-12 16:20:05,Monday,16,Ouest,100,500,20.0
2026-01-12 16:20:05,Monday,16,Est,0,500,0.0
2026-01-12 16:51:22,Monday,16,Est,0,500,0.0
2026-01-12 16:51:22,Monday,16,Ouest,113,500,22.6
2026-01-12 17:19:19,Monday,17,Ouest,134,500,26.8
2026-01-12 17:19:19,Monday,17,Est,0,500,0.0
2026-01-12 17:42:41,Monday,17,Ouest,100,500,20.0
2026-01-12 17:42:41,Monday,17,Est,0,500,0.0
2026-01-12 17:55:22,Monday,17,Est,0,500,0.0
2026-01-12 17:55:22,Monday,17,Ouest,99,500,19.8
2026-01-12 18:39:47,Monday,18,Ouest,128,500,25.6
2026-01-12 18:39:47,Monday,18,Est,0,500,0.0
2026-01-12 19:02:23,Monday,19,Ouest,133,500,26.6
2026-01-12 19:02:23,Monday,19,Est,0,500,0.0
2026-01-12 19:29:43,Monday,19,Ouest,116,500,23.2
2026-01-12 19:29:43,Monday,19,Est,0,500,0.0
2026-01-12 19:45:07,Monday,19,Ouest,102,500,20.4
2026-01-12 19:45:07,Monday,19,Est,0,500,0.0
2026-01-12 19:57:04,Monday,19,Ouest,78,500,15.6
2026-01-12 19:57:04,Monday,19,Est,0,500,0.0
2026-01-12 20:34:38,Monday,20,Ouest,54,500,10.8
2026-01-12 20:34:38,Monday,20,Est,0,500,0.0
2026-01-12 20:53:40,Monday,20,Ouest,51,500,10.2
2026-01-12 20:53:40,Monday,20,Est,0,500,0.0
2026-01-12 21:21:34,Monday,21,Ouest,36,500,7.2
2026-01-12 21:21:34,Monday,21,Est,0,500,0.0
2026-01-12 21:41:08,Monday,21,Ouest,36,500,7.2
2026-01-12 21:41:08,Monday,21,Est,0,500,0.0
2026-01-12 21:54:15,Monday,21,Ouest,36,500,7.2
2026-01-12 21:54:15,Monday,21,Est,0,500,0.0
2026-01-12 22:20:48,Monday,22,Est,0,500,0.0
2026-01-12 22:20:48,Monday,22,Ouest,36,500,7.2
2026-01-12 22:41:45,Monday,22,Est,0,500,0.0
2026-01-12 22:41:45,Monday,22,Ouest,36,500,7.2
2026-01-12 22:54:26,Monday,22,Est,0,500,0.0
2026-01-12 22:54:26,Monday,22,Ouest,36,500,7.2
2026-01-12 23:19:02,Monday,23,Ouest,0,500,0.0
2026-01-12 23:19:02,Monday,23,Est,0,500,0.0
2026-01-12 23:33:08,Monday,23,Est,0,500,0.0
2026-01-12 23:33:08,Monday,23,Ouest,0,500,0.0
2026-01-12 23:46:52,Monday,23,Est,0,500,0.0
2026-01-12 23:46:52,Monday,23,Ouest,0,500,0.0
2026-01-12 23:58:49,Monday,23,Est,0,500,0.0
2026-01-12 23:58:49,Monday,23,Ouest,0,500,0.0
2026-01-13 02:22:24,Tuesday,2,Ouest,0,500,0.0
2026-01-13 02:22:24,Tuesday,2,Est,0,500,0.0
2026-01-13 03:49:44,Tuesday,3,Ouest,0,500,0.0
2026-01-13 03:49:44,Tuesday,3,Est,0,500,0.0
2026-01-13 04:31:42,Tuesday,4,Est,0,500,0.0
2026-01-13 04:31:42,Tuesday,4,Ouest,0,500,0.0
2026-01-13 05:01:49,Tuesday,5,Ouest,0,500,0.0
2026-01-13 05:01:49,Tuesday,5,Est,0,500,0.0
2026-01-13 05:37:39,Tuesday,5,Est,0,500,0.0
2026-01-13 05:37:39,Tuesday,5,Ouest,0,500,0.0
2026-01-13 05:54:24,Tuesday,5,Ouest,0,500,0.0
2026-01-13 05:54:24,Tuesday,5,Est,0,500,0.0
2026-01-13 06:37:46,Tuesday,6,Est,0,500,0.0
2026-01-13 06:37:46,Tuesday,6,Ouest,44,500,8.8
2026-01-13 07:02:53,Tuesday,7,Ouest,44,500,8.8
2026-01-13 07:02:53,Tuesday,7,Est,0,500,0.0
2026-01-13 07:34:53,Tuesday,7,Est,0,500,0.0
2026-01-13 07:34:53,Tuesday,7,Ouest,23,500,4.6
2026-01-13 07:51:12,Tuesday,7,Ouest,5,500,1.0
2026-01-13 07:51:12,Tuesday,7,Est,0,500,0.0
2026-01-13 08:22:25,Tuesday,8,Ouest,-5,500,-1.0
2026-01-13 08:22:25,Tuesday,8,Est,0,500,0.0
2026-01-13 08:54:40,Tuesday,8,Ouest,-5,500,-1.0
2026-01-13 08:54:40,Tuesday,8,Est,0,500,0.0
2026-01-13 09:31:13,Tuesday,9,Ouest,-5,500,-1.0
2026-01-13 09:31:13,Tuesday,9,Est,0,500,0.0
2026-01-13 09:53:37,Tuesday,9,Ouest,-5,500,-1.0
2026-01-13 09:53:37,Tuesday,9,Est,0,500,0.0
2026-01-13 10:24:50,Tuesday,10,Ouest,-5,500,-1.0
2026-01-13 10:24:50,Tuesday,10,Est,0,500,0.0
2026-01-13 10:50:59,Tuesday,10,Ouest,5,500,1.0
2026-01-13 10:50:59,Tuesday,10,Est,0,500,0.0
2026-01-13 11:14:39,Tuesday,11,Ouest,111,500,22.2
2026-01-13 11:14:39,Tuesday,11,Est,0,500,0.0
2026-01-13 11:36:56,Tuesday,11,Est,0,500,0.0
2026-01-13 11:36:56,Tuesday,11,Ouest,145,500,29.0
2026-01-13 11:51:30,Tuesday,11,Ouest,153,500,30.6
2026-01-13 11:51:30,Tuesday,11,Est,0,500,0.0
2026-01-13 12:35:48,Tuesday,12,Ouest,79,500,15.8
2026-01-13 12:35:48,Tuesday,12,Est,0,500,0.0
2026-01-13 13:27:52,Tuesday,13,Est,0,500,0.0
2026-01-13 13:27:52,Tuesday,13,Ouest,2,500,0.4
2026-01-13 13:59:34,Tuesday,13,Est,0,500,0.0
2026-01-13 13:59:34,Tuesday,13,Ouest,2,500,0.4
2026-01-13 14:36:58,Tuesday,14,Est,0,500,0.0
2026-01-13 14:36:58,Tuesday,14,Ouest,2,500,0.4
2026-01-13 14:59:03,Tuesday,14,Ouest,2,500,0.4
2026-01-13 14:59:03,Tuesday,14,Est,0,500,0.0
2026-01-13 15:36:56,Tuesday,15,Ouest,54,500,10.8
2026-01-13 15:36:56,Tuesday,15,Est,0,500,0.0
2026-01-13 15:57:48,Tuesday,15,Est,0,500,0.0
2026-01-13 15:57:48,Tuesday,15,Ouest,119,500,23.8
2026-01-13 16:43:43,Tuesday,16,Ouest,197,500,39.4
2026-01-13 16:43:43,Tuesday,16,Est,0,500,0.0
2026-01-13 17:14:27,Tuesday,17,Ouest,257,500,51.4
2026-01-13 17:14:27,Tuesday,17,Est,0,500,0.0
2026-01-13 17:46:40,Tuesday,17,Ouest,180,500,36.0
2026-01-13 17:46:40,Tuesday,17,Est,0,500,0.0
2026-01-13 18:01:14,Tuesday,18,Ouest,164,500,32.8
2026-01-13 18:01:14,Tuesday,18,Est,0,500,0.0
2026-01-13 18:46:47,Tuesday,18,Ouest,92,500,18.4
2026-01-13 18:46:47,Tuesday,18,Est,0,500,0.0
2026-01-13 19:10:59,Tuesday,19,Ouest,93,500,18.6
2026-01-13 19:10:59,Tuesday,19,Est,0,500,0.0
2026-01-13 19:32:32,Tuesday,19,Est,0,500,0.0
2026-01-13 19:32:32,Tuesday,19,Ouest,97,500,19.4
2026-01-13 19:44:13,Tuesday,19,Est,0,500,0.0
2026-01-13 19:44:13,Tuesday,19,Ouest,96,500,19.2
2026-01-13 19:56:40,Tuesday,19,Ouest,66,500,13.2
2026-01-13 19:56:40,Tuesday,19,Est,0,500,0.0
2026-01-13 20:34:59,Tuesday,20,Est,0,500,0.0
2026-01-13 20:34:59,Tuesday,20,Ouest,29,500,5.8
2026-01-13 20:54:13,Tuesday,20,Ouest,29,500,5.8
2026-01-13 20:54:13,Tuesday,20,Est,0,500,0.0
2026-01-13 21:23:31,Tuesday,21,Est,0,500,0.0
2026-01-13 21:23:31,Tuesday,21,Ouest,0,500,0.0
2026-01-13 21:43:52,Tuesday,21,Ouest,0,500,0.0
2026-01-13 21:43:52,Tuesday,21,Est,0,500,0.0
2026-01-13 21:56:44,Tuesday,21,Ouest,0,500,0.0
2026-01-13 21:56:44,Tuesday,21,Est,0,500,0.0
2026-01-13 22:31:19,Tuesday,22,Ouest,0,500,0.0
2026-01-13 22:31:19,Tuesday,22,Est,0,500,0.0
2026-01-13 22:52:12,Tuesday,22,Ouest,0,500,0.0
2026-01-13 22:52:12,Tuesday,22,Est,0,500,0.0
2026-01-13 23:17:20,Tuesday,23,Ouest,0,500,0.0
2026-01-13 23:17:20,Tuesday,23,Est,0,500,0.0
2026-01-13 23:34:34,Tuesday,23,Ouest,0,500,0.0
2026-01-13 23:34:34,Tuesday,23,Est,0,500,0.0
2026-01-13 23:48:36,Tuesday,23,Est,0,500,0.0
2026-01-13 23:48:36,Tuesday,23,Ouest,0,500,0.0
2026-01-14 00:01:00,Wednesday,0,Ouest,0,500,0.0
2026-01-14 00:01:00,Wednesday,0,Est,0,500,0.0
2026-01-14 02:31:04,Wednesday,2,Est,0,500,0.0
2026-01-14 02:31:04,Wednesday,2,Ouest,0,500,0.0
2026-01-14 04:01:40,Wednesday,4,Ouest,0,500,0.0
2026-01-14 04:01:40,Wednesday,4,Est,0,500,0.0
2026-01-14 04:53:21,Wednesday,4,Est,0,500,0.0
2026-01-14 04:53:21,Wednesday,4,Ouest,0,500,0.0
2026-01-14 05:24:04,Wednesday,5,Ouest,0,500,0.0
2026-01-14 05:24:04,Wednesday,5,Est,0,500,0.0
2026-01-14 05:49:55,Wednesday,5,Ouest,0,500,0.0
2026-01-14 05:49:55,Wednesday,5,Est,0,500,0.0
2026-01-14 06:20:05,Wednesday,6,Est,0,500,0.0
2026-01-14 06:20:05,Wednesday,6,Ouest,41,500,8.2
2026-01-14 06:53:59,Wednesday,6,Ouest,42,500,8.4
2026-01-14 06:53:59,Wednesday,6,Est,0,500,0.0
2026-01-14 07:26:54,Wednesday,7,Ouest,31,500,6.2
2026-01-14 07:26:54,Wednesday,7,Est,0,500,0.0
2026-01-14 07:48:04,Wednesday,7,Est,0,500,0.0
2026-01-14 07:48:04,Wednesday,7,Ouest,5,500,1.0
2026-01-14 07:59:57,Wednesday,7,Ouest,3,500,0.6
2026-01-14 07:59:57,Wednesday,7,Est,0,500,0.0
2026-01-14 08:44:03,Wednesday,8,Ouest,21,500,4.2
2026-01-14 08:44:03,Wednesday,8,Est,0,500,0.0
2026-01-14 09:15:43,Wednesday,9,Est,0,500,0.0
2026-01-14 09:15:43,Wednesday,9,Ouest,63,500,12.6
2026-01-14 09:46:42,Wednesday,9,Ouest,103,500,20.6
2026-01-14 09:46:42,Wednesday,9,Est,0,500,0.0
2026-01-14 10:01:06,Wednesday,10,Ouest,113,500,22.6
2026-01-14 10:01:06,Wednesday,10,Est,0,500,0.0
2026-01-14 10:39:32,Wednesday,10,Ouest,102,500,20.4
2026-01-14 10:39:32,Wednesday,10,Est,0,500,0.0
2026-01-14 10:58:55,Wednesday,10,Ouest,90,500,18.0
2026-01-14 10:58:55,Wednesday,10,Est,0,500,0.0
2026-01-14 11:31:19,Wednesday,11,Est,0,500,0.0
2026-01-14 11:31:19,Wednesday,11,Ouest,86,500,17.2
2026-01-14 11:48:59,Wednesday,11,Ouest,78,500,15.6
2026-01-14 11:48:59,Wednesday,11,Est,0,500,0.0
2026-01-14 12:19:20,Wednesday,12,Est,0,500,0.0
2026-01-14 12:19:20,Wednesday,12,Ouest,53,500,10.6
2026-01-14 13:12:31,Wednesday,13,Ouest,28,500,5.6
2026-01-14 13:12:31,Wednesday,13,Est,0,500,0.0
2026-01-14 13:53:29,Wednesday,13,Est,0,500,0.0
2026-01-14 13:53:29,Wednesday,13,Ouest,31,500,6.2
2026-01-14 14:25:27,Wednesday,14,Ouest,109,500,21.8
2026-01-14 14:25:27,Wednesday,14,Est,0,500,0.0
2026-01-14 14:53:31,Wednesday,14,Est,0,500,0.0
2026-01-14 14:53:31,Wednesday,14,Ouest,136,500,27.2
2026-01-14 15:26:20,Wednesday,15,Ouest,144,500,28.8
2026-01-14 15:26:20,Wednesday,15,Est,0,500,0.0
2026-01-14 15:48:16,Wednesday,15,Est,0,500,0.0
2026-01-14 15:48:16,Wednesday,15,Ouest,139,500,27.8
2026-01-14 16:14:13,Wednesday,16,Ouest,175,500,35.0
2026-01-14 16:14:13,Wednesday,16,Est,0,500,0.0
2026-01-14 16:52:31,Wednesday,16,Ouest,168,500,33.6
2026-01-14 16:52:31,Wednesday,16,Est,0,500,0.0
2026-01-14 17:24:42,Wednesday,17,Ouest,186,500,37.2
2026-01-14 17:24:42,Wednesday,17,Est,0,500,0.0
2026-01-14 17:51:45,Wednesday,17,Est,0,500,0.0
2026-01-14 17:51:45,Wednesday,17,Ouest,156,500,31.2
2026-01-14 18:26:24,Wednesday,18,Ouest,95,500,19.0
2026-01-14 18:26:24,Wednesday,18,Est,0,500,0.0
2026-01-14 18:57:58,Wednesday,18,Ouest,93,500,18.6
2026-01-14 18:57:58,Wednesday,18,Est,0,500,0.0
2026-01-14 19:27:37,Wednesday,19,Ouest,84,500,16.8
2026-01-14 19:27:37,Wednesday,19,Est,0,500,0.0
2026-01-14 19:44:18,Wednesday,19,Ouest,77,500,15.4
2026-01-14 19:44:18,Wednesday,19,Est,0,500,0.0
2026-01-14 19:56:13,Wednesday,19,Est,0,500,0.0
2026-01-14 19:56:13,Wednesday,19,Ouest,40,500,8.0
2026-01-14 20:30:12,Wednesday,20,Est,0,500,0.0
2026-01-14 20:30:12,Wednesday,20,Ouest,0,500,0.0
2026-01-14 20:49:31,Wednesday,20,Ouest,0,500,0.0
2026-01-14 20:49:31,Wednesday,20,Est,0,500,0.0
2026-01-14 21:11:48,Wednesday,21,Ouest,0,500,0.0
2026-01-14 21:11:48,Wednesday,21,Est,0,500,0.0
2026-01-14 21:37:03,Wednesday,21,Est,0,500,0.0
2026-01-14 21:37:03,Wednesday,21,Ouest,0,500,0.0
2026-01-14 21:53:05,Wednesday,21,Est,0,500,0.0
2026-01-14 21:53:05,Wednesday,21,Ouest,0,500,0.0
2026-01-14 22:21:04,Wednesday,22,Est,0,500,0.0
2026-01-14 22:21:04,Wednesday,22,Ouest,0,500,0.0
2026-01-14 22:45:46,Wednesday,22,Est,0,500,0.0
2026-01-14 22:45:46,Wednesday,22,Ouest,0,500,0.0
2026-01-14 22:57:56,Wednesday,22,Est,0,500,0.0
2026-01-14 22:57:56,Wednesday,22,Ouest,0,500,0.0
2026-01-14 23:25:40,Wednesday,23,Ouest,0,500,0.0
2026-01-14 23:25:40,Wednesday,23,Est,0,500,0.0
2026-01-14 23:42:43,Wednesday,23,Ouest,0,500,0.0
2026-01-14 23:42:43,Wednesday,23,Est,0,500,0.0
2026-01-14 23:54:25,Wednesday,23,Ouest,0,500,0.0
2026-01-14 23:54:25,Wednesday,23,Est,0,500,0.0
2026-01-15 01:52:29,Thursday,1,Ouest,0,500,0.0
2026-01-15 01:52:29,Thursday,1,Est,0,500,0.0
2026-01-15 03:28:47,Thursday,3,Ouest,0,500,0.0
2026-01-15 03:28:47,Thursday,3,Est,0,500,0.0
2026-01-15 04:28:07,Thursday,4,Ouest,0,500,0.0
2026-01-15 04:28:07,Thursday,4,Est,0,500,0.0
2026-01-15 05:00:54,Thursday,5,Est,0,500,0.0
2026-01-15 05:00:54,Thursday,5,Ouest,0,500,0.0
2026-01-15 05:37:37,Thursday,5,Est,0,500,0.0
2026-01-15 05:37:37,Thursday,5,Ouest,0,500,0.0
2026-01-15 05:55:03,Thursday,5,Ouest,0,500,0.0
2026-01-15 05:55:03,Thursday,5,Est,0,500,0.0
2026-01-15 06:39:59,Thursday,6,Est,0,500,0.0
2026-01-15 06:39:59,Thursday,6,Ouest,55,500,11.0
2026-01-15 07:02:45,Thursday,7,Ouest,62,500,12.4
2026-01-15 07:02:45,Thursday,7,Est,0,500,0.0
2026-01-15 07:35:46,Thursday,7,Ouest,2,500,0.4
2026-01-15 07:35:46,Thursday,7,Est,0,500,0.0
2026-01-15 07:51:46,Thursday,7,Est,0,500,0.0
2026-01-15 07:51:46,Thursday,7,Ouest,-14,500,-2.8
2026-01-15 08:25:24,Thursday,8,Ouest,-14,500,-2.8
2026-01-15 08:25:24,Thursday,8,Est,0,500,0.0
2026-01-15 08:55:38,Thursday,8,Ouest,-14,500,-2.8
2026-01-15 08:55:38,Thursday,8,Est,0,500,0.0
2026-01-15 09:34:15,Thursday,9,Ouest,-16,500,-3.2
2026-01-15 09:34:15,Thursday,9,Est,0,500,0.0
2026-01-15 09:54:33,Thursday,9,Est,0,500,0.0
2026-01-15 09:54:33,Thursday,9,Ouest,-22,500,-4.4
2026-01-15 10:28:30,Thursday,10,Ouest,-20,500,-4.0
2026-01-15 10:28:30,Thursday,10,Est,0,500,0.0
2026-01-15 10:52:58,Thursday,10,Ouest,25,500,5.0
2026-01-15 10:52:58,Thursday,10,Est,0,500,0.0
2026-01-15 11:18:51,Thursday,11,Ouest,59,500,11.8
2026-01-15 11:18:51,Thursday,11,Est,0,500,0.0
2026-01-15 11:38:42,Thursday,11,Ouest,112,500,22.4
2026-01-15 11:38:42,Thursday,11,Est,0,500,0.0
2026-01-15 11:52:24,Thursday,11,Ouest,122,500,24.4
2026-01-15 11:52:24,Thursday,11,Est,0,500,0.0
2026-01-15 12:39:24,Thursday,12,Ouest,55,500,11.0
2026-01-15 12:39:24,Thursday,12,Est,0,500,0.0
2026-01-15 13:29:01,Thursday,13,Ouest,0,500,0.0
2026-01-15 13:29:01,Thursday,13,Est,0,500,0.0
2026-01-15 13:59:20,Thursday,13,Ouest,0,500,0.0
2026-01-15 13:59:20,Thursday,13,Est,0,500,0.0
2026-01-15 14:35:43,Thursday,14,Est,0,500,0.0
2026-01-15 14:35:43,Thursday,14,Ouest,0,500,0.0
2026-01-15 14:57:21,Thursday,14,Ouest,0,500,0.0
2026-01-15 14:57:21,Thursday,14,Est,0,500,0.0
2026-01-15 15:35:19,Thursday,15,Est,0,500,0.0
2026-01-15 15:35:19,Thursday,15,Ouest,43,500,8.6
2026-01-15 16:50:15,Thursday,16,Ouest,145,500,29.0
2026-01-15 16:50:15,Thursday,16,Est,0,500,0.0
2026-01-15 17:24:57,Thursday,17,Ouest,138,500,27.6
2026-01-15 17:24:57,Thursday,17,Est,0,500,0.0
2026-01-15 17:58:19,Thursday,17,Est,0,500,0.0
2026-01-15 17:58:19,Thursday,17,Ouest,142,500,28.4
2026-01-15 18:50:45,Thursday,18,Ouest,89,500,17.8
2026-01-15 18:50:45,Thursday,18,Est,0,500,0.0
2026-01-15 19:18:52,Thursday,19,Ouest,75,500,15.0
2026-01-15 19:18:52,Thursday,19,Est,0,500,0.0
2026-01-15 19:42:18,Thursday,19,Est,0,500,0.0
2026-01-15 19:42:18,Thursday,19,Ouest,66,500,13.2
2026-01-15 19:57:14,Thursday,19,Ouest,63,500,12.6
2026-01-15 19:57:14,Thursday,19,Est,0,500,0.0
2026-01-15 20:36:04,Thursday,20,Ouest,1,500,0.2
2026-01-15 20:36:04,Thursday,20,Est,0,500,0.0
2026-01-15 20:55:32,Thursday,20,Ouest,1,500,0.2
2026-01-15 20:55:32,Thursday,20,Est,0,500,0.0
2026-01-15 21:27:10,Thursday,21,Ouest,1,500,0.2
2026-01-15 21:27:10,Thursday,21,Est,0,500,0.0
2026-01-15 21:46:21,Thursday,21,Ouest,1,500,0.2
2026-01-15 21:46:21,Thursday,21,Est,0,500,0.0
2026-01-15 22:32:49,Thursday,22,Ouest,1,500,0.2
2026-01-15 22:32:49,Thursday,22,Est,0,500,0.0
2026-01-15 22:51:40,Thursday,22,Ouest,1,500,0.2
2026-01-15 22:51:40,Thursday,22,Est,0,500,0.0
2026-01-15 23:16:14,Thursday,23,Ouest,0,500,0.0
2026-01-15 23:16:14,Thursday,23,Est,0,500,0.0
2026-01-15 23:38:05,Thursday,23,Ouest,0,500,0.0
2026-01-15 23:38:05,Thursday,23,Est,0,500,0.0
2026-01-15 23:51:28,Thursday,23,Est,0,500,0.0
2026-01-15 23:51:28,Thursday,23,Ouest,0,500,0.0
2026-01-16 01:14:59,Friday,1,Est,0,500,0.0
2026-01-16 01:14:59,Friday,1,Ouest,0,500,0.0
2026-01-16 03:10:27,Friday,3,Est,0,500,0.0
2026-01-16 03:10:27,Friday,3,Ouest,0,500,0.0
2026-01-16 04:10:35,Friday,4,Ouest,0,500,0.0
2026-01-16 04:10:35,Friday,4,Est,0,500,0.0
2026-01-16 04:53:00,Friday,4,Est,0,500,0.0
2026-01-16 04:53:00,Friday,4,Ouest,0,500,0.0
2026-01-16 05:24:17,Friday,5,Ouest,0,500,0.0
2026-01-16 05:24:17,Friday,5,Est,0,500,0.0
2026-01-16 05:49:18,Friday,5,Ouest,0,500,0.0
2026-01-16 05:49:18,Friday,5,Est,0,500,0.0
2026-01-16 06:17:36,Friday,6,Est,0,500,0.0
2026-01-16 06:17:36,Friday,6,Ouest,46,500,9.2
2026-01-16 06:53:29,Friday,6,Ouest,32,500,6.4
2026-01-16 06:53:29,Friday,6,Est,0,500,0.0
2026-01-16 07:24:22,Friday,7,Ouest,31,500,6.2
2026-01-16 07:24:22,Friday,7,Est,0,500,0.0
2026-01-16 07:45:20,Friday,7,Ouest,6,500,1.2
2026-01-16 07:45:20,Friday,7,Est,0,500,0.0
2026-01-16 07:57:38,Friday,7,Ouest,-1,500,-0.2
2026-01-16 07:57:38,Friday,7,Est,0,500,0.0
2026-01-16 08:40:57,Friday,8,Ouest,-1,500,-0.2
2026-01-16 08:40:57,Friday,8,Est,0,500,0.0
2026-01-16 09:01:36,Friday,9,Ouest,-5,500,-1.0
2026-01-16 09:01:36,Friday,9,Est,0,500,0.0
2026-01-16 09:37:37,Friday,9,Ouest,-10,500,-2.0
2026-01-16 09:37:37,Friday,9,Est,0,500,0.0
2026-01-16 09:55:21,Friday,9,Ouest,-10,500,-2.0
2026-01-16 09:55:21,Friday,9,Est,0,500,0.0
2026-01-16 10:29:54,Friday,10,Est,0,500,0.0
2026-01-16 10:29:54,Friday,10,Ouest,20,500,4.0
2026-01-16 10:53:01,Friday,10,Est,0,500,0.0
2026-01-16 10:53:01,Friday,10,Ouest,52,500,10.4
2026-01-16 11:18:26,Friday,11,Ouest,113,500,22.6
2026-01-16 11:18:26,Friday,11,Est,0,500,0.0
2026-01-16 11:37:55,Friday,11,Est,0,500,0.0
2026-01-16 11:37:55,Friday,11,Ouest,125,500,25.0
2026-01-16 11:51:56,Friday,11,Ouest,126,500,25.2
2026-01-16 11:51:56,Friday,11,Est,0,500,0.0
2026-01-16 12:35:23,Friday,12,Ouest,62,500,12.4
2026-01-16 12:35:23,Friday,12,Est,0,500,0.0
2026-01-16 13:24:46,Friday,13,Ouest,0,500,0.0
2026-01-16 13:24:46,Friday,13,Est,0,500,0.0
2026-01-16 13:55:52,Friday,13,Ouest,0,500,0.0
2026-01-16 13:55:52,Friday,13,Est,0,500,0.0
2026-01-16 14:30:16,Friday,14,Ouest,0,500,0.0
2026-01-16 14:30:16,Friday,14,Est,0,500,0.0
2026-01-16 14:54:19,Friday,14,Est,0,500,0.0
2026-01-16 14:54:19,Friday,14,Ouest,0,500,0.0
2026-01-16 15:26:26,Friday,15,Ouest,10,500,2.0
2026-01-16 15:26:26,Friday,15,Est,0,500,0.0
2026-01-16 15:48:52,Friday,15,Est,0,500,0.0
2026-01-16 15:48:52,Friday,15,Ouest,52,500,10.4
2026-01-16 16:13:32,Friday,16,Ouest,142,500,28.4
2026-01-16 16:13:32,Friday,16,Est,0,500,0.0
2026-01-16 16:49:24,Friday,16,Ouest,172,500,34.4
2026-01-16 16:49:24,Friday,16,Est,0,500,0.0
2026-01-16 17:16:01,Friday,17,Est,0,500,0.0
2026-01-16 17:16:01,Friday,17,Ouest,145,500,29.0
2026-01-16 17:44:06,Friday,17,Est,0,500,0.0
2026-01-16 17:44:06,Friday,17,Ouest,107,500,21.4
2026-01-16 17:57:53,Friday,17,Est,0,500,0.0
2026-01-16 17:57:53,Friday,17,Ouest,71,500,14.2
2026-01-16 18:46:30,Friday,18,Est,0,500,0.0
2026-01-16 18:46:30,Friday,18,Ouest,-10,500,-2.0
2026-01-16 19:10:34,Friday,19,Ouest,-10,500,-2.0
2026-01-16 19:10:34,Friday,19,Est,0,500,0.0
2026-01-16 19:30:25,Friday,19,Ouest,-10,500,-2.0
2026-01-16 19:30:25,Friday,19,Est,0,500,0.0
2026-01-16 19:43:48,Friday,19,Est,0,500,0.0
2026-01-16 19:43:48,Friday,19,Ouest,-10,500,-2.0
2026-01-16 19:56:06,Friday,19,Ouest,-10,500,-2.0
2026-01-16 19:56:06,Friday,19,Est,0,500,0.0
2026-01-16 20:28:49,Friday,20,Ouest,-10,500,-2.0
2026-01-16 20:28:49,Friday,20,Est,0,500,0.0
2026-01-16 20:47:00,Friday,20,Ouest,-10,500,-2.0
2026-01-16 20:47:00,Friday,20,Est,0,500,0.0
2026-01-16 20:58:42,Friday,20,Ouest,-10,500,-2.0
2026-01-16 20:58:42,Friday,20,Est,0,500,0.0
2026-01-16 21:30:11,Friday,21,Ouest,-10,500,-2.0
2026-01-16 21:30:11,Friday,21,Est,0,500,0.0
2026-01-16 21:47:12,Friday,21,Ouest,-10,500,-2.0
2026-01-16 21:47:12,Friday,21,Est,0,500,0.0
2026-01-16 21:59:15,Friday,21,Ouest,-10,500,-2.0
2026-01-16 21:59:15,Friday,21,Est,0,500,0.0
2026-01-16 22:32:06,Friday,22,Ouest,-10,500,-2.0
2026-01-16 22:32:06,Friday,22,Est,0,500,0.0
2026-01-16 22:50:19,Friday,22,Est,0,500,0.0
2026-01-16 22:50:19,Friday,22,Ouest,-10,500,-2.0
2026-01-16 23:13:02,Friday,23,Ouest,0,500,0.0
2026-01-16 23:13:02,Friday,23,Est,0,500,0.0
2026-01-16 23:34:42,Friday,23,Est,0,500,0.0
2026-01-16 23:34:42,Friday,23,Ouest,0,500,0.0
2026-01-16 23:48:57,Friday,23,Ouest,0,500,0.0
2026-01-16 23:48:57,Friday,23,Est,0,500,0.0
2026-01-17 00:44:19,Saturday,0,Est,0,500,0.0
2026-01-17 00:44:19,Saturday,0,Ouest,0,500,0.0
2026-01-17 02:30:15,Saturday,2,Ouest,0,500,0.0
2026-01-17 02:30:15,Saturday,2,Est,0,500,0.0
2026-01-17 03:45:26,Saturday,3,Ouest,0,500,0.0
2026-01-17 03:45:26,Saturday,3,Est,0,500,0.0
2026-01-17 04:20:48,Saturday,4,Est,0,500,0.0
2026-01-17 04:20:48,Saturday,4,Ouest,0,500,0.0
2026-01-17 04:50:19,Saturday,4,Est,0,500,0.0
2026-01-17 04:50:19,Saturday,4,Ouest,0,500,0.0
2026-01-17 05:13:29,Saturday,5,Ouest,0,500,0.0
2026-01-17 05:13:29,Saturday,5,Est,0,500,0.0
2026-01-17 05:39:35,Saturday,5,Ouest,0,500,0.0
2026-01-17 05:39:35,Saturday,5,Est,0,500,0.0
2026-01-17 05:52:46,Saturday,5,Est,0,500,0.0
2026-01-17 05:52:46,Saturday,5,Ouest,0,500,0.0
2026-01-17 06:27:58,Saturday,6,Ouest,0,500,0.0
2026-01-17 06:27:58,Saturday,6,Est,0,500,0.0
2026-01-17 06:54:49,Saturday,6,Ouest,0,500,0.0
2026-01-17 06:54:49,Saturday,6,Est,0,500,0.0
2026-01-17 07:22:03,Saturday,7,Ouest,0,500,0.0
2026-01-17 07:22:03,Saturday,7,Est,0,500,0.0
2026-01-17 07:38:29,Saturday,7,Ouest,0,500,0.0
2026-01-17 07:38:29,Saturday,7,Est,0,500,0.0
2026-01-17 07:50:58,Saturday,7,Est,0,500,0.0
2026-01-17 07:50:58,Saturday,7,Ouest,3,500,0.6
2026-01-17 08:18:05,Saturday,8,Ouest,48,500,9.6
2026-01-17 08:18:05,Saturday,8,Est,0,500,0.0
2026-01-17 08:44:39,Saturday,8,Ouest,51,500,10.2
2026-01-17 08:44:39,Saturday,8,Est,0,500,0.0
2026-01-17 08:58:37,Saturday,8,Ouest,51,500,10.2
2026-01-17 08:58:37,Saturday,8,Est,0,500,0.0
2026-01-17 09:29:48,Saturday,9,Ouest,77,500,15.4
2026-01-17 09:29:48,Saturday,9,Est,0,500,0.0
2026-01-17 09:45:42,Saturday,9,Est,0,500,0.0
2026-01-17 09:45:42,Saturday,9,Ouest,95,500,19.0
2026-01-17 09:57:57,Saturday,9,Ouest,101,500,20.2
2026-01-17 09:57:57,Saturday,9,Est,0,500,0.0
2026-01-17 10:30:43,Saturday,10,Ouest,84,500,16.8
2026-01-17 10:30:43,Saturday,10,Est,0,500,0.0
2026-01-17 10:47:41,Saturday,10,Est,0,500,0.0
2026-01-17 10:47:41,Saturday,10,Ouest,76,500,15.2
2026-01-17 10:59:28,Saturday,10,Ouest,65,500,13.0
2026-01-17 10:59:28,Saturday,10,Est,0,500,0.0
2026-01-17 11:25:10,Saturday,11,Ouest,69,500,13.8
2026-01-17 11:25:10,Saturday,11,Est,0,500,0.0
2026-01-17 11:40:24,Saturday,11,Est,0,500,0.0
2026-01-17 11:40:24,Saturday,11,Ouest,88,500,17.6
2026-01-17 11:52:39,Saturday,11,Ouest,105,500,21.0
2026-01-17 11:52:39,Saturday,11,Est,0,500,0.0
2026-01-17 12:35:19,Saturday,12,Ouest,85,500,17.0
2026-01-17 12:35:19,Saturday,12,Est,0,500,0.0
2026-01-17 13:16:46,Saturday,13,Ouest,64,500,12.8
2026-01-17 13:16:46,Saturday,13,Est,0,500,0.0
2026-01-17 13:42:45,Saturday,13,Est,0,500,0.0
2026-01-17 13:42:45,Saturday,13,Ouest,79,500,15.8
2026-01-17 13:54:58,Saturday,13,Est,0,500,0.0
2026-01-17 13:54:58,Saturday,13,Ouest,78,500,15.6
2026-01-17 14:22:08,Saturday,14,Ouest,103,500,20.6
2026-01-17 14:22:08,Saturday,14,Est,0,500,0.0
2026-01-17 14:41:33,Saturday,14,Ouest,122,500,24.4
2026-01-17 14:41:33,Saturday,14,Est,0,500,0.0
2026-01-17 14:53:14,Saturday,14,Ouest,136,500,27.2
2026-01-17 14:53:14,Saturday,14,Est,0,500,0.0
2026-01-17 15:18:51,Saturday,15,Ouest,128,500,25.6
2026-01-17 15:18:51,Saturday,15,Est,0,500,0.0
2026-01-17 15:38:12,Saturday,15,Ouest,137,500,27.4
2026-01-17 15:38:12,Saturday,15,Est,0,500,0.0
2026-01-17 15:50:50,Saturday,15,Ouest,138,500,27.6
2026-01-17 15:50:50,Saturday,15,Est,0,500,0.0
2026-01-17 16:15:15,Saturday,16,Ouest,120,500,24.0
2026-01-17 16:15:15,Saturday,16,Est,0,500,0.0
2026-01-17 16:42:04,Saturday,16,Est,0,500,0.0
2026-01-17 16:42:04,Saturday,16,Ouest,78,500,15.6
2026-01-17 16:55:50,Saturday,16,Est,0,500,0.0
2026-01-17 16:55:50,Saturday,16,Ouest,22,500,4.4
2026-01-17 17:22:26,Saturday,17,Est,0,500,0.0
2026-01-17 17:22:26,Saturday,17,Ouest,-22,500,-4.4
2026-01-17 17:39:38,Saturday,17,Ouest,-22,500,-4.4
2026-01-17 17:39:38,Saturday,17,Est,0,500,0.0
2026-01-17 17:51:49,Saturday,17,Ouest,-22,500,-4.4
2026-01-17 17:51:49,Saturday,17,Est,0,500,0.0
2026-01-17 18:49:37,Saturday,18,Ouest,-23,500,-4.6
2026-01-17 18:49:37,Saturday,18,Est,0,500,0.0
2026-01-17 19:07:48,Saturday,19,Ouest,-13,500,-2.6
2026-01-17 19:07:48,Saturday,19,Est,0,500,0.0
2026-01-17 19:26:33,Saturday,19,Ouest,-13,500,-2.6
2026-01-17 19:26:33,Saturday,19,Est,0,500,0.0
2026-01-17 19:41:03,Saturday,19,Ouest,-13,500,-2.6
2026-01-17 19:41:03,Saturday,19,Est,0,500,0.0
2026-01-17 19:53:32,Saturday,19,Est,0,500,0.0
2026-01-17 19:53:32,Saturday,19,Ouest,-13,500,-2.6
2026-01-17 20:22:06,Saturday,20,Ouest,-13,500,-2.6
2026-01-17 20:22:06,Saturday,20,Est,0,500,0.0
2026-01-17 20:41:53,Saturday,20,Ouest,-13,500,-2.6
2026-01-17 20:41:53,Saturday,20,Est,0,500,0.0
2026-01-17 20:54:15,Saturday,20,Est,0,500,0.0
2026-01-17 20:54:15,Saturday,20,Ouest,-13,500,-2.6
2026-01-17 21:19:32,Saturday,21,Est,0,500,0.0
2026-01-17 21:19:32,Saturday,21,Ouest,-13,500,-2.6
2026-01-17 21:35:58,Saturday,21,Ouest,-13,500,-2.6
2026-01-17 21:35:58,Saturday,21,Est,0,500,0.0
2026-01-17 21:48:08,Saturday,21,Ouest,-13,500,-2.6
2026-01-17 21:48:08,Saturday,21,Est,0,500,0.0
2026-01-17 22:00:04,Saturday,22,Ouest,-13,500,-2.6
2026-01-17 22:00:04,Saturday,22,Est,0,500,0.0
2026-01-17 22:30:46,Saturday,22,Ouest,-13,500,-2.6
2026-01-17 22:30:46,Saturday,22,Est,0,500,0.0
2026-01-17 22:47:46,Saturday,22,Est,0,500,0.0
2026-01-17 22:47:46,Saturday,22,Ouest,-13,500,-2.6
2026-01-17 22:59:52,Saturday,22,Ouest,-13,500,-2.6
2026-01-17 22:59:52,Saturday,22,Est,0,500,0.0
2026-01-17 23:28:05,Saturday,23,Ouest,0,500,0.0
2026-01-17 23:28:05,Saturday,23,Est,0,500,0.0
2026-01-17 23:44:34,Saturday,23,Est,0,500,0.0
2026-01-17 23:44:34,Saturday,23,Ouest,0,500,0.0
2026-01-17 23:56:49,Saturday,23,Ouest,0,500,0.0
2026-01-17 23:56:49,Saturday,23,Est,0,500,0.0
2026-01-18 02:32:40,Sunday,2,Est,0,500,0.0
2026-01-18 02:32:40,Sunday,2,Ouest,0,500,0.0
2026-01-18 03:58:42,Sunday,3,Est,0,500,0.0
2026-01-18 03:58:42,Sunday,3,Ouest,0,500,0.0
2026-01-18 04:51:47,Sunday,4,Ouest,0,500,0.0
2026-01-18 04:51:47,Sunday,4,Est,0,500,0.0
2026-01-18 05:13:54,Sunday,5,Ouest,0,500,0.0
2026-01-18 05:13:54,Sunday,5,Est,0,500,0.0
2026-01-18 05:42:19,Sunday,5,Ouest,0,500,0.0
2026-01-18 05:42:19,Sunday,5,Est,0,500,0.0
2026-01-18 05:55:28,Sunday,5,Ouest,0,500,0.0
2026-01-18 06:37:54,Sunday,6,Ouest,0,500,0.0
2026-01-18 06:37:54,Sunday,6,Est,0,500,0.0
2026-01-18 06:58:42,Sunday,6,Ouest,0,500,0.0
2026-01-18 06:58:42,Sunday,6,Est,0,500,0.0
2026-01-18 07:28:58,Sunday,7,Est,0,500,0.0
2026-01-18 07:28:58,Sunday,7,Ouest,0,500,0.0
2026-01-18 07:44:08,Sunday,7,Est,0,500,0.0
2026-01-18 07:44:08,Sunday,7,Ouest,0,500,0.0
2026-01-18 07:56:28,Sunday,7,Ouest,0,500,0.0
2026-01-18 07:56:28,Sunday,7,Est,0,500,0.0
2026-01-18 08:35:19,Sunday,8,Ouest,88,500,17.6
2026-01-18 08:35:19,Sunday,8,Est,0,500,0.0
2026-01-18 08:54:25,Sunday,8,Ouest,107,500,21.4
2026-01-18 08:54:25,Sunday,8,Est,0,500,0.0
2026-01-18 09:23:38,Sunday,9,Est,0,500,0.0
2026-01-18 09:23:38,Sunday,9,Ouest,160,500,32.0
2026-01-18 09:42:47,Sunday,9,Ouest,179,500,35.8
2026-01-18 09:42:47,Sunday,9,Est,0,500,0.0
2026-01-18 09:54:43,Sunday,9,Ouest,185,500,37.0
2026-01-18 09:54:43,Sunday,9,Est,0,500,0.0
2026-01-18 10:24:24,Sunday,10,Ouest,194,500,38.8
2026-01-18 10:24:24,Sunday,10,Est,0,500,0.0
2026-01-18 10:45:31,Sunday,10,Est,0,500,0.0
2026-01-18 10:45:31,Sunday,10,Ouest,207,500,41.4
2026-01-18 10:57:25,Sunday,10,Ouest,198,500,39.6
2026-01-18 10:57:25,Sunday,10,Est,0,500,0.0
2026-01-18 11:23:50,Sunday,11,Ouest,153,500,30.6
2026-01-18 11:23:50,Sunday,11,Est,0,500,0.0
2026-01-18 11:38:31,Sunday,11,Est,0,500,0.0
2026-01-18 11:38:31,Sunday,11,Ouest,121,500,24.2
2026-01-18 11:50:36,Sunday,11,Ouest,82,500,16.4
2026-01-18 11:50:36,Sunday,11,Est,0,500,0.0
2026-01-18 12:24:29,Sunday,12,Est,0,500,0.0
2026-01-18 12:24:29,Sunday,12,Ouest,31,500,6.2
2026-01-18 13:06:55,Sunday,13,Est,0,500,0.0
2026-01-18 13:06:55,Sunday,13,Ouest,39,500,7.8
2026-01-18 13:40:28,Sunday,13,Ouest,36,500,7.2
2026-01-18 13:40:28,Sunday,13,Est,0,500,0.0
2026-01-18 13:53:53,Sunday,13,Ouest,35,500,7.0
2026-01-18 13:53:53,Sunday,13,Est,0,500,0.0
2026-01-18 14:19:03,Sunday,14,Ouest,47,500,9.4
2026-01-18 14:19:03,Sunday,14,Est,0,500,0.0
2026-01-18 14:39:22,Sunday,14,Ouest,62,500,12.4
2026-01-18 14:39:22,Sunday,14,Est,0,500,0.0
2026-01-18 14:52:09,Sunday,14,Ouest,76,500,15.2
2026-01-18 14:52:09,Sunday,14,Est,0,500,0.0
2026-01-18 15:16:01,Sunday,15,Ouest,106,500,21.2
2026-01-18 15:16:01,Sunday,15,Est,0,500,0.0
2026-01-18 15:35:51,Sunday,15,Ouest,132,500,26.4
2026-01-18 15:35:51,Sunday,15,Est,0,500,0.0
2026-01-18 15:48:55,Sunday,15,Ouest,139,500,27.8
2026-01-18 15:48:55,Sunday,15,Est,0,500,0.0
2026-01-18 16:10:47,Sunday,16,Ouest,132,500,26.4
2026-01-18 16:10:47,Sunday,16,Est,0,500,0.0
2026-01-18 16:41:48,Sunday,16,Ouest,83,500,16.6
2026-01-18 16:41:48,Sunday,16,Est,0,500,0.0
2026-01-18 16:56:54,Sunday,16,Ouest,28,500,5.6
2026-01-18 16:56:54,Sunday,16,Est,0,500,0.0
2026-01-18 17:25:36,Sunday,17,Ouest,-11,500,-2.2
2026-01-18 17:25:36,Sunday,17,Est,0,500,0.0
2026-01-18 17:43:54,Sunday,17,Ouest,-11,500,-2.2
2026-01-18 17:43:54,Sunday,17,Est,0,500,0.0
2026-01-18 17:55:55,Sunday,17,Est,0,500,0.0
2026-01-18 17:55:55,Sunday,17,Ouest,-11,500,-2.2
2026-01-18 18:35:25,Sunday,18,Ouest,-11,500,-2.2
2026-01-18 18:35:25,Sunday,18,Est,0,500,0.0
2026-01-18 18:54:25,Sunday,18,Est,0,500,0.0
2026-01-18 18:54:25,Sunday,18,Ouest,-11,500,-2.2
2026-01-18 19:17:53,Sunday,19,Ouest,-11,500,-2.2
2026-01-18 19:17:53,Sunday,19,Est,0,500,0.0
2026-01-18 19:30:40,Sunday,19,Est,0,500,0.0
2026-01-18 19:30:40,Sunday,19,Ouest,-11,500,-2.2
2026-01-18 19:43:24,Sunday,19,Ouest,-11,500,-2.2
2026-01-18 19:43:24,Sunday,19,Est,0,500,0.0
2026-01-18 19:55:37,Sunday,19,Est,0,500,0.0
2026-01-18 19:55:37,Sunday,19,Ouest,-11,500,-2.2
2026-01-18 20:28:28,Sunday,20,Ouest,-11,500,-2.2
2026-01-18 20:28:28,Sunday,20,Est,0,500,0.0
2026-01-18 20:46:32,Sunday,20,Ouest,-11,500,-2.2
2026-01-18 20:46:32,Sunday,20,Est,0,500,0.0
2026-01-18 20:58:25,Sunday,20,Ouest,-11,500,-2.2
2026-01-18 20:58:25,Sunday,20,Est,0,500,0.0
2026-01-18 21:26:21,Sunday,21,Ouest,-11,500,-2.2
2026-01-18 21:26:21,Sunday,21,Est,0,500,0.0
2026-01-18 21:42:32,Sunday,21,Est,0,500,0.0
2026-01-18 21:42:32,Sunday,21,Ouest,-11,500,-2.2
2026-01-18 21:54:13,Sunday,21,Ouest,-11,500,-2.2
2026-01-18 21:54:13,Sunday,21,Est,0,500,0.0
2026-01-18 22:21:04,Sunday,22,Ouest,-11,500,-2.2
2026-01-18 22:21:04,Sunday,22,Est,0,500,0.0
2026-01-18 22:41:59,Sunday,22,Ouest,-11,500,-2.2
2026-01-18 22:41:59,Sunday,22,Est,0,500,0.0
2026-01-18 22:54:38,Sunday,22,Ouest,-11,500,-2.2
2026-01-18 22:54:38,Sunday,22,Est,0,500,0.0
2026-01-18 23:22:09,Sunday,23,Est,0,500,0.0
2026-01-18 23:22:09,Sunday,23,Ouest,0,500,0.0
2026-01-18 23:39:37,Sunday,23,Est,0,500,0.0
2026-01-18 23:39:37,Sunday,23,Ouest,0,500,0.0
2026-01-18 23:52:07,Sunday,23,Ouest,0,500,0.0
2026-01-18 23:52:07,Sunday,23,Est,0,500,0.0
2026-01-19 01:25:17,Monday,1,Ouest,0,500,0.0
2026-01-19 01:25:17,Monday,1,Est,0,500,0.0
2026-01-19 03:25:36,Monday,3,Ouest,0,500,0.0
2026-01-19 03:25:36,Monday,3,Est,0,500,0.0
2026-01-19 04:38:19,Monday,4,Ouest,0,500,0.0
2026-01-19 04:38:19,Monday,4,Est,0,500,0.0
2026-01-19 05:20:08,Monday,5,Ouest,0,500,0.0
2026-01-19 05:20:08,Monday,5,Est,0,500,0.0
2026-01-19 06:32:42,Monday,6,Ouest,0,500,0.0
2026-01-19 06:32:42,Monday,6,Est,0,500,0.0
2026-01-19 07:05:20,Monday,7,Ouest,0,500,0.0
2026-01-19 07:05:20,Monday,7,Est,0,500,0.0
2026-01-19 07:41:21,Monday,7,Ouest,0,500,0.0
2026-01-19 07:41:21,Monday,7,Est,0,500,0.0
2026-01-19 07:58:00,Monday,7,Est,0,500,0.0
2026-01-19 07:58:00,Monday,7,Ouest,0,500,0.0
2026-01-19 08:47:00,Monday,8,Ouest,0,500,0.0
2026-01-19 08:47:00,Monday,8,Est,0,500,0.0
2026-01-19 09:20:51,Monday,9,Ouest,0,500,0.0
2026-01-19 09:20:51,Monday,9,Est,0,500,0.0
2026-01-19 09:55:21,Monday,9,Est,0,500,0.0
2026-01-19 09:55:21,Monday,9,Ouest,0,500,0.0
2026-01-19 10:35:01,Monday,10,Est,0,500,0.0
2026-01-19 10:35:01,Monday,10,Ouest,0,500,0.0
2026-01-19 10:58:54,Monday,10,Ouest,0,500,0.0
2026-01-19 10:58:54,Monday,10,Est,0,500,0.0
2026-01-19 11:30:56,Monday,11,Est,0,500,0.0
2026-01-19 11:30:56,Monday,11,Ouest,0,500,0.0
2026-01-19 11:48:24,Monday,11,Est,0,500,0.0
2026-01-19 11:48:24,Monday,11,Ouest,0,500,0.0
2026-01-19 12:00:36,Monday,12,Ouest,0,500,0.0
2026-01-19 12:00:36,Monday,12,Est,0,500,0.0
2026-01-19 13:09:59,Monday,13,Est,0,500,0.0
2026-01-19 13:09:59,Monday,13,Ouest,0,500,0.0
2026-01-19 13:55:10,Monday,13,Ouest,0,500,0.0
2026-01-19 13:55:10,Monday,13,Est,0,500,0.0
2026-01-19 14:32:20,Monday,14,Est,0,500,0.0
2026-01-19 14:32:20,Monday,14,Ouest,0,500,0.0
2026-01-19 14:57:39,Monday,14,Ouest,4,500,0.8
2026-01-19 14:57:39,Monday,14,Est,0,500,0.0
2026-01-19 15:36:09,Monday,15,Ouest,26,500,5.2
2026-01-19 15:36:09,Monday,15,Est,0,500,0.0
2026-01-19 15:56:23,Monday,15,Ouest,73,500,14.6
2026-01-19 15:56:23,Monday,15,Est,0,500,0.0
2026-01-19 16:39:05,Monday,16,Ouest,129,500,25.8
2026-01-19 16:39:05,Monday,16,Est,0,500,0.0
2026-01-19 17:01:53,Monday,17,Est,0,500,0.0
2026-01-19 17:01:53,Monday,17,Ouest,147,500,29.4
2026-01-19 17:35:17,Monday,17,Ouest,106,500,21.2
2026-01-19 17:35:17,Monday,17,Est,0,500,0.0
2026-01-19 17:54:07,Monday,17,Ouest,94,500,18.8
2026-01-19 17:54:07,Monday,17,Est,0,500,0.0
2026-01-19 18:34:12,Monday,18,Ouest,129,500,25.8
2026-01-19 18:34:12,Monday,18,Est,0,500,0.0
2026-01-19 18:59:41,Monday,18,Est,0,500,0.0
2026-01-19 18:59:41,Monday,18,Ouest,140,500,28.0
2026-01-19 19:27:10,Monday,19,Ouest,124,500,24.8
2026-01-19 19:27:10,Monday,19,Est,0,500,0.0
2026-01-19 19:43:08,Monday,19,Est,0,500,0.0
2026-01-19 19:43:08,Monday,19,Ouest,113,500,22.6
2026-01-19 19:55:32,Monday,19,Ouest,80,500,16.0
2026-01-19 19:55:32,Monday,19,Est,0,500,0.0
2026-01-19 20:30:28,Monday,20,Est,0,500,0.0
2026-01-19 20:30:28,Monday,20,Ouest,67,500,13.4
2026-01-19 20:49:46,Monday,20,Ouest,63,500,12.6
2026-01-19 20:49:46,Monday,20,Est,0,500,0.0
2026-01-19 21:10:52,Monday,21,Est,0,500,0.0
2026-01-19 21:10:52,Monday,21,Ouest,33,500,6.6
2026-01-19 21:33:42,Monday,21,Ouest,8,500,1.6
2026-01-19 21:33:42,Monday,21,Est,0,500,0.0
2026-01-19 21:48:44,Monday,21,Est,0,500,0.0
2026-01-19 21:48:44,Monday,21,Ouest,8,500,1.6
2026-01-19 22:00:36,Monday,22,Ouest,8,500,1.6
2026-01-19 22:00:36,Monday,22,Est,0,500,0.0
2026-01-19 22:33:38,Monday,22,Est,0,500,0.0
2026-01-19 22:33:38,Monday,22,Ouest,8,500,1.6
2026-01-19 22:52:03,Monday,22,Ouest,8,500,1.6
2026-01-19 22:52:03,Monday,22,Est,0,500,0.0
2026-01-19 23:17:02,Monday,23,Ouest,0,500,0.0
2026-01-19 23:17:02,Monday,23,Est,0,500,0.0
2026-01-19 23:38:39,Monday,23,Ouest,0,500,0.0
2026-01-19 23:38:39,Monday,23,Est,0,500,0.0
2026-01-19 23:52:56,Monday,23,Ouest,0,500,0.0
2026-01-19 23:52:56,Monday,23,Est,0,500,0.0
2026-01-20 01:29:07,Tuesday,1,Ouest,0,500,0.0
2026-01-20 01:29:07,Tuesday,1,Est,0,500,0.0
2026-01-20 03:23:07,Tuesday,3,Est,0,500,0.0
2026-01-20 03:23:07,Tuesday,3,Ouest,0,500,0.0
2026-01-20 04:31:22,Tuesday,4,Est,0,500,0.0
2026-01-20 04:31:22,Tuesday,4,Ouest,0,500,0.0
2026-01-20 05:04:46,Tuesday,5,Est,0,500,0.0
2026-01-20 05:04:46,Tuesday,5,Ouest,0,500,0.0
2026-01-20 05:45:18,Tuesday,5,Ouest,0,500,0.0
2026-01-20 05:45:18,Tuesday,5,Est,0,500,0.0
2026-01-20 06:01:13,Tuesday,6,Ouest,0,500,0.0
2026-01-20 06:01:13,Tuesday,6,Est,0,500,0.0
2026-01-20 06:53:39,Tuesday,6,Ouest,52,500,10.4
2026-01-20 06:53:39,Tuesday,6,Est,0,500,0.0
2026-01-20 07:27:46,Tuesday,7,Est,0,500,0.0
2026-01-20 07:27:46,Tuesday,7,Ouest,47,500,9.4
2026-01-20 07:51:05,Tuesday,7,Ouest,15,500,3.0
2026-01-20 07:51:05,Tuesday,7,Est,0,500,0.0
2026-01-20 08:22:57,Tuesday,8,Ouest,0,500,0.0
2026-01-20 08:22:57,Tuesday,8,Est,0,500,0.0
2026-01-20 08:57:59,Tuesday,8,Ouest,0,500,0.0
2026-01-20 08:57:59,Tuesday,8,Est,0,500,0.0
2026-01-20 09:41:45,Tuesday,9,Ouest,0,500,0.0
2026-01-20 09:41:45,Tuesday,9,Est,0,500,0.0
2026-01-20 10:00:47,Tuesday,10,Ouest,0,500,0.0
2026-01-20 10:00:47,Tuesday,10,Est,0,500,0.0
2026-01-20 10:42:24,Tuesday,10,Est,0,500,0.0
2026-01-20 10:42:24,Tuesday,10,Ouest,0,500,0.0
2026-01-20 11:02:21,Tuesday,11,Ouest,70,500,14.0
2026-01-20 11:02:21,Tuesday,11,Est,0,500,0.0
2026-01-20 11:33:54,Tuesday,11,Ouest,140,500,28.0
2026-01-20 11:33:54,Tuesday,11,Est,0,500,0.0
2026-01-20 11:51:53,Tuesday,11,Ouest,147,500,29.4
2026-01-20 11:51:53,Tuesday,11,Est,0,500,0.0
2026-01-20 12:39:23,Tuesday,12,Ouest,67,500,13.4
2026-01-20 12:39:23,Tuesday,12,Est,0,500,0.0
2026-01-20 13:34:42,Tuesday,13,Ouest,-7,500,-1.4
2026-01-20 13:34:42,Tuesday,13,Est,0,500,0.0
2026-01-20 14:05:14,Tuesday,14,Ouest,-8,500,-1.6
2026-01-20 14:05:14,Tuesday,14,Est,0,500,0.0
2026-01-20 14:49:39,Tuesday,14,Ouest,-9,500,-1.8
2026-01-20 14:49:39,Tuesday,14,Est,0,500,0.0
2026-01-20 15:20:21,Tuesday,15,Ouest,3,500,0.6
2026-01-20 15:20:21,Tuesday,15,Est,0,500,0.0
2026-01-20 15:52:54,Tuesday,15,Ouest,74,500,14.8
2026-01-20 15:52:54,Tuesday,15,Est,0,500,0.0
2026-01-20 16:33:26,Tuesday,16,Ouest,150,500,30.0
2026-01-20 16:33:26,Tuesday,16,Est,0,500,0.0
2026-01-20 17:03:13,Tuesday,17,Ouest,197,500,39.4
2026-01-20 17:03:13,Tuesday,17,Est,0,500,0.0
2026-01-20 17:44:51,Tuesday,17,Ouest,123,500,24.6
2026-01-20 17:44:51,Tuesday,17,Est,0,500,0.0
2026-01-20 18:01:33,Tuesday,18,Ouest,109,500,21.8
2026-01-20 18:01:33,Tuesday,18,Est,0,500,0.0
2026-01-20 19:08:47,Tuesday,19,Ouest,54,500,10.8
2026-01-20 19:08:47,Tuesday,19,Est,0,500,0.0
2026-01-20 20:20:06,Tuesday,20,Ouest,19,500,3.8
2026-01-20 20:20:06,Tuesday,20,Est,0,500,0.0
2026-01-20 20:52:39,Tuesday,20,Est,0,500,0.0
2026-01-20 20:52:39,Tuesday,20,Ouest,19,500,3.8
2026-01-20 21:18:52,Tuesday,21,Ouest,19,500,3.8
2026-01-20 21:18:52,Tuesday,21,Est,0,500,0.0
2026-01-20 21:40:11,Tuesday,21,Ouest,19,500,3.8
2026-01-20 21:40:11,Tuesday,21,Est,0,500,0.0
2026-01-20 21:52:44,Tuesday,21,Ouest,19,500,3.8
2026-01-20 21:52:44,Tuesday,21,Est,0,500,0.0
2026-01-20 22:21:07,Tuesday,22,Ouest,19,500,3.8
2026-01-20 22:21:07,Tuesday,22,Est,0,500,0.0
2026-01-20 22:42:19,Tuesday,22,Est,0,500,0.0
2026-01-20 22:42:19,Tuesday,22,Ouest,19,500,3.8
2026-01-20 22:54:42,Tuesday,22,Est,0,500,0.0
2026-01-20 22:54:42,Tuesday,22,Ouest,19,500,3.8
2026-01-20 23:26:06,Tuesday,23,Ouest,0,500,0.0
2026-01-20 23:26:06,Tuesday,23,Est,0,500,0.0
2026-01-20 23:46:29,Tuesday,23,Est,0,500,0.0
2026-01-20 23:46:29,Tuesday,23,Ouest,0,500,0.0
2026-01-20 23:58:38,Tuesday,23,Ouest,0,500,0.0
2026-01-20 23:58:38,Tuesday,23,Est,0,500,0.0
2026-01-21 02:28:40,Wednesday,2,Ouest,0,500,0.0
2026-01-21 02:28:40,Wednesday,2,Est,0,500,0.0
2026-01-21 03:56:06,Wednesday,3,Est,0,500,0.0
2026-01-21 03:56:06,Wednesday,3,Ouest,0,500,0.0
2026-01-21 04:50:34,Wednesday,4,Ouest,0,500,0.0
2026-01-21 04:50:34,Wednesday,4,Est,0,500,0.0
2026-01-21 05:22:51,Wednesday,5,Est,0,500,0.0
2026-01-21 05:22:51,Wednesday,5,Ouest,0,500,0.0
2026-01-21 05:52:13,Wednesday,5,Ouest,0,500,0.0
2026-01-21 05:52:13,Wednesday,5,Est,0,500,0.0
2026-01-21 06:31:05,Wednesday,6,Ouest,81,500,16.2
2026-01-21 06:31:05,Wednesday,6,Est,0,500,0.0
2026-01-21 07:04:00,Wednesday,7,Est,0,500,0.0
2026-01-21 07:04:00,Wednesday,7,Ouest,81,500,16.2
2026-01-21 07:40:47,Wednesday,7,Ouest,32,500,6.4
2026-01-21 07:40:47,Wednesday,7,Est,0,500,0.0
2026-01-21 07:57:37,Wednesday,7,Ouest,28,500,5.6
2026-01-21 07:57:37,Wednesday,7,Est,0,500,0.0
2026-01-21 08:43:55,Wednesday,8,Est,0,500,0.0
2026-01-21 08:43:55,Wednesday,8,Ouest,42,500,8.4
2026-01-21 09:18:20,Wednesday,9,Ouest,89,500,17.8
2026-01-21 09:18:20,Wednesday,9,Est,0,500,0.0
2026-01-21 09:51:04,Wednesday,9,Ouest,145,500,29.0
2026-01-21 09:51:04,Wednesday,9,Est,0,500,0.0
2026-01-21 10:20:48,Wednesday,10,Est,0,500,0.0
2026-01-21 10:20:48,Wednesday,10,Ouest,142,500,28.4
2026-01-21 10:53:42,Wednesday,10,Ouest,135,500,27.0
2026-01-21 10:53:42,Wednesday,10,Est,0,500,0.0
2026-01-21 11:24:41,Wednesday,11,Ouest,110,500,22.0
2026-01-21 11:24:41,Wednesday,11,Est,0,500,0.0
2026-01-21 11:46:38,Wednesday,11,Ouest,105,500,21.0
2026-01-21 11:46:38,Wednesday,11,Est,0,500,0.0
2026-01-21 11:58:31,Wednesday,11,Ouest,102,500,20.4
2026-01-21 11:58:31,Wednesday,11,Est,0,500,0.0
2026-01-21 13:09:11,Wednesday,13,Est,0,500,0.0
2026-01-21 13:09:11,Wednesday,13,Ouest,27,500,5.4
2026-01-21 13:56:33,Wednesday,13,Ouest,27,500,5.4
2026-01-21 13:56:33,Wednesday,13,Est,0,500,0.0
2026-01-21 14:39:31,Wednesday,14,Ouest,136,500,27.2
2026-01-21 14:39:31,Wednesday,14,Est,0,500,0.0
2026-01-21 15:03:46,Wednesday,15,Est,0,500,0.0
2026-01-21 15:03:46,Wednesday,15,Ouest,159,500,31.8
2026-01-21 15:47:22,Wednesday,15,Ouest,139,500,27.8
2026-01-21 15:47:22,Wednesday,15,Est,0,500,0.0
2026-01-21 16:19:42,Wednesday,16,Ouest,155,500,31.0
2026-01-21 16:19:42,Wednesday,16,Est,0,500,0.0
2026-01-21 17:34:33,Wednesday,17,Ouest,124,500,24.8
2026-01-21 17:34:33,Wednesday,17,Est,0,500,0.0
2026-01-21 18:22:45,Wednesday,18,Ouest,78,500,15.6
2026-01-21 18:22:45,Wednesday,18,Est,0,500,0.0
2026-01-21 19:05:30,Wednesday,19,Est,0,500,0.0
2026-01-21 19:05:30,Wednesday,19,Ouest,74,500,14.8
2026-01-21 19:40:16,Wednesday,19,Ouest,75,500,15.0
2026-01-21 19:40:16,Wednesday,19,Est,0,500,0.0
2026-01-21 20:02:48,Wednesday,20,Ouest,44,500,8.8
2026-01-21 20:02:48,Wednesday,20,Est,0,500,0.0
2026-01-21 20:45:58,Wednesday,20,Est,0,500,0.0
2026-01-21 20:45:58,Wednesday,20,Ouest,40,500,8.0
2026-01-21 21:16:34,Wednesday,21,Ouest,40,500,8.0
2026-01-21 21:16:34,Wednesday,21,Est,0,500,0.0
2026-01-21 21:47:31,Wednesday,21,Ouest,40,500,8.0
2026-01-21 21:47:31,Wednesday,21,Est,0,500,0.0
2026-01-21 22:02:20,Wednesday,22,Ouest,40,500,8.0
2026-01-21 22:02:20,Wednesday,22,Est,0,500,0.0
2026-01-21 22:39:40,Wednesday,22,Ouest,40,500,8.0
2026-01-21 22:39:40,Wednesday,22,Est,0,500,0.0
2026-01-21 23:00:30,Wednesday,23,Ouest,40,500,8.0
2026-01-21 23:00:30,Wednesday,23,Est,0,500,0.0
2026-01-21 23:35:30,Wednesday,23,Ouest,0,500,0.0
2026-01-21 23:35:30,Wednesday,23,Est,0,500,0.0
2026-01-21 23:55:18,Wednesday,23,Est,0,500,0.0
2026-01-21 23:55:18,Wednesday,23,Ouest,0,500,0.0
2026-01-22 02:08:13,Thursday,2,Ouest,0,500,0.0
2026-01-22 02:08:13,Thursday,2,Est,0,500,0.0
2026-01-22 03:55:26,Thursday,3,Est,0,500,0.0
2026-01-22 03:55:26,Thursday,3,Ouest,0,500,0.0
2026-01-22 04:52:29,Thursday,4,Ouest,0,500,0.0
2026-01-22 04:52:29,Thursday,4,Est,0,500,0.0
2026-01-22 05:26:01,Thursday,5,Ouest,0,500,0.0
2026-01-22 05:26:01,Thursday,5,Est,0,500,0.0
2026-01-22 05:53:44,Thursday,5,Ouest,0,500,0.0
2026-01-22 05:53:44,Thursday,5,Est,0,500,0.0
2026-01-22 06:36:02,Thursday,6,Ouest,59,500,11.8
2026-01-22 06:36:02,Thursday,6,Est,0,500,0.0
2026-01-22 07:03:05,Thursday,7,Est,0,500,0.0
2026-01-22 07:03:05,Thursday,7,Ouest,63,500,12.6
2026-01-22 07:38:18,Thursday,7,Ouest,15,500,3.0
2026-01-22 07:38:18,Thursday,7,Est,0,500,0.0
2026-01-22 07:55:02,Thursday,7,Est,0,500,0.0
2026-01-22 07:55:02,Thursday,7,Ouest,0,500,0.0
2026-01-22 08:37:44,Thursday,8,Ouest,0,500,0.0
2026-01-22 08:37:44,Thursday,8,Est,0,500,0.0
2026-01-22 09:04:42,Thursday,9,Ouest,-1,500,-0.2
2026-01-22 09:04:42,Thursday,9,Est,0,500,0.0
2026-01-22 09:46:12,Thursday,9,Ouest,-2,500,-0.4
2026-01-22 09:46:12,Thursday,9,Est,0,500,0.0
2026-01-22 10:45:42,Thursday,10,Ouest,-1,500,-0.2
2026-01-22 10:45:42,Thursday,10,Est,0,500,0.0
2026-01-22 11:12:35,Thursday,11,Est,0,500,0.0
2026-01-22 11:12:35,Thursday,11,Ouest,111,500,22.2
2026-01-22 11:39:06,Thursday,11,Ouest,141,500,28.2
2026-01-22 11:39:06,Thursday,11,Est,0,500,0.0
2026-01-22 11:55:02,Thursday,11,Ouest,149,500,29.8
2026-01-22 11:55:02,Thursday,11,Est,0,500,0.0
2026-01-22 12:58:15,Thursday,12,Ouest,19,500,3.8
2026-01-22 12:58:15,Thursday,12,Est,0,500,0.0
2026-01-22 13:52:52,Thursday,13,Ouest,0,500,0.0
2026-01-22 13:52:52,Thursday,13,Est,0,500,0.0
2026-01-22 14:28:27,Thursday,14,Est,0,500,0.0
2026-01-22 14:28:27,Thursday,14,Ouest,0,500,0.0
2026-01-22 14:59:34,Thursday,14,Ouest,0,500,0.0
2026-01-22 14:59:34,Thursday,14,Est,0,500,0.0
2026-01-22 15:41:48,Thursday,15,Ouest,58,500,11.6
2026-01-22 15:41:48,Thursday,15,Est,0,500,0.0
2026-01-22 16:02:52,Thursday,16,Ouest,88,500,17.6
2026-01-22 16:02:52,Thursday,16,Est,0,500,0.0
2026-01-22 16:49:56,Thursday,16,Ouest,119,500,23.8
2026-01-22 16:49:56,Thursday,16,Est,0,500,0.0
2026-01-22 17:21:01,Thursday,17,Ouest,149,500,29.8
2026-01-22 17:21:01,Thursday,17,Est,0,500,0.0
2026-01-22 17:52:18,Thursday,17,Est,0,500,0.0
2026-01-22 17:52:18,Thursday,17,Ouest,152,500,30.4
2026-01-22 18:27:31,Thursday,18,Ouest,110,500,22.0
2026-01-22 18:27:31,Thursday,18,Est,0,500,0.0
2026-01-22 19:01:09,Thursday,19,Est,0,500,0.0
2026-01-22 19:01:09,Thursday,19,Ouest,97,500,19.4
2026-01-22 19:33:29,Thursday,19,Ouest,78,500,15.6
2026-01-22 19:33:29,Thursday,19,Est,0,500,0.0
2026-01-22 19:50:45,Thursday,19,Ouest,62,500,12.4
2026-01-22 19:50:45,Thursday,19,Est,0,500,0.0
2026-01-22 20:17:46,Thursday,20,Ouest,31,500,6.2
2026-01-22 20:17:46,Thursday,20,Est,0,500,0.0
2026-01-22 20:46:07,Thursday,20,Ouest,-11,500,-2.2
2026-01-22 20:46:07,Thursday,20,Est,0,500,0.0
2026-01-22 21:02:22,Thursday,21,Ouest,-11,500,-2.2
2026-01-22 21:02:22,Thursday,21,Est,0,500,0.0
2026-01-22 21:35:31,Thursday,21,Ouest,-11,500,-2.2
2026-01-22 21:35:31,Thursday,21,Est,0,500,0.0
2026-01-22 21:54:10,Thursday,21,Est,0,500,0.0
2026-01-22 21:54:10,Thursday,21,Ouest,-11,500,-2.2
2026-01-22 22:25:00,Thursday,22,Ouest,-11,500,-2.2
2026-01-22 22:25:00,Thursday,22,Est,0,500,0.0
2026-01-22 22:49:39,Thursday,22,Ouest,-11,500,-2.2
2026-01-22 22:49:39,Thursday,22,Est,0,500,0.0
2026-01-22 23:11:47,Thursday,23,Ouest,0,500,0.0
2026-01-22 23:11:47,Thursday,23,Est,0,500,0.0
2026-01-22 23:35:55,Thursday,23,Ouest,0,500,0.0
2026-01-22 23:35:55,Thursday,23,Est,0,500,0.0
2026-01-22 23:51:46,Thursday,23,Ouest,0,500,0.0
2026-01-22 23:51:46,Thursday,23,Est,0,500,0.0
2026-01-23 01:17:40,Friday,1,Est,0,500,0.0
2026-01-23 01:17:40,Friday,1,Ouest,0,500,0.0
2026-01-23 03:12:49,Friday,3,Ouest,0,500,0.0
2026-01-23 03:12:49,Friday,3,Est,0,500,0.0
2026-01-23 04:13:46,Friday,4,Ouest,0,500,0.0
2026-01-23 04:13:46,Friday,4,Est,0,500,0.0
2026-01-23 04:57:33,Friday,4,Ouest,0,500,0.0
2026-01-23 04:57:33,Friday,4,Est,0,500,0.0
2026-01-23 05:37:16,Friday,5,Est,0,500,0.0
2026-01-23 05:37:16,Friday,5,Ouest,0,500,0.0
2026-01-23 05:55:59,Friday,5,Ouest,0,500,0.0
2026-01-23 05:55:59,Friday,5,Est,0,500,0.0
2026-01-23 06:43:47,Friday,6,Ouest,49,500,9.8
2026-01-23 06:43:47,Friday,6,Est,0,500,0.0
2026-01-23 07:14:13,Friday,7,Ouest,47,500,9.4
2026-01-23 07:14:13,Friday,7,Est,0,500,0.0
2026-01-23 07:41:41,Friday,7,Ouest,25,500,5.0
2026-01-23 07:41:41,Friday,7,Est,0,500,0.0
2026-01-23 07:55:01,Friday,7,Ouest,8,500,1.6
2026-01-23 07:55:01,Friday,7,Est,0,500,0.0
2026-01-23 08:35:50,Friday,8,Ouest,6,500,1.2
2026-01-23 08:35:50,Friday,8,Est,0,500,0.0
2026-01-23 09:00:36,Friday,9,Ouest,6,500,1.2
2026-01-23 09:00:36,Friday,9,Est,0,500,0.0
2026-01-23 09:40:48,Friday,9,Ouest,2,500,0.4
2026-01-23 09:40:48,Friday,9,Est,0,500,0.0
2026-01-23 09:58:03,Friday,9,Ouest,2,500,0.4
2026-01-23 09:58:03,Friday,9,Est,0,500,0.0
2026-01-23 10:36:44,Friday,10,Ouest,22,500,4.4
2026-01-23 10:36:44,Friday,10,Est,0,500,0.0
2026-01-23 10:57:39,Friday,10,Ouest,77,500,15.4
2026-01-23 10:57:39,Friday,10,Est,0,500,0.0
2026-01-23 11:29:43,Friday,11,Est,0,500,0.0
2026-01-23 11:29:43,Friday,11,Ouest,133,500,26.6
2026-01-23 11:47:49,Friday,11,Est,0,500,0.0
2026-01-23 11:47:49,Friday,11,Ouest,145,500,29.0
2026-01-23 11:59:52,Friday,11,Est,0,500,0.0
2026-01-23 11:59:52,Friday,11,Ouest,154,500,30.8
2026-01-23 13:52:56,Friday,13,Ouest,-2,500,-0.4
2026-01-23 13:52:56,Friday,13,Est,0,500,0.0
2026-01-23 14:23:49,Friday,14,Est,0,500,0.0
2026-01-23 14:23:49,Friday,14,Ouest,0,500,0.0
2026-01-23 14:52:48,Friday,14,Ouest,0,500,0.0
2026-01-23 14:52:48,Friday,14,Est,0,500,0.0
2026-01-23 15:23:22,Friday,15,Est,0,500,0.0
2026-01-23 15:23:22,Friday,15,Ouest,10,500,2.0
2026-01-23 15:49:47,Friday,15,Ouest,57,500,11.4
2026-01-23 15:49:47,Friday,15,Est,0,500,0.0
2026-01-23 16:17:06,Friday,16,Ouest,175,500,35.0
2026-01-23 16:17:06,Friday,16,Est,0,500,0.0
2026-01-23 16:52:46,Friday,16,Est,0,500,0.0
2026-01-23 16:52:46,Friday,16,Ouest,208,500,41.6
2026-01-23 17:25:05,Friday,17,Ouest,164,500,32.8
2026-01-23 17:25:05,Friday,17,Est,0,500,0.0
2026-01-23 17:48:13,Friday,17,Ouest,116,500,23.2
2026-01-23 17:48:13,Friday,17,Est,0,500,0.0
2026-01-23 17:59:59,Friday,17,Ouest,130,500,26.0
2026-01-23 17:59:59,Friday,17,Est,0,500,0.0
2026-01-23 18:49:55,Friday,18,Est,0,500,0.0
2026-01-23 18:49:55,Friday,18,Ouest,71,500,14.2
2026-01-23 19:17:53,Friday,19,Ouest,71,500,14.2
2026-01-23 19:17:53,Friday,19,Est,0,500,0.0
2026-01-23 19:38:47,Friday,19,Ouest,89,500,17.8
2026-01-23 19:38:47,Friday,19,Est,0,500,0.0
2026-01-23 19:51:40,Friday,19,Ouest,54,500,10.8
2026-01-23 19:51:40,Friday,19,Est,0,500,0.0
2026-01-23 20:19:36,Friday,20,Ouest,14,500,2.8
2026-01-23 20:19:36,Friday,20,Est,0,500,0.0
2026-01-23 20:44:46,Friday,20,Ouest,0,500,0.0
2026-01-23 20:44:46,Friday,20,Est,0,500,0.0
2026-01-23 20:59:49,Friday,20,Ouest,0,500,0.0
2026-01-23 20:59:49,Friday,20,Est,0,500,0.0
2026-01-23 21:31:36,Friday,21,Ouest,0,500,0.0
2026-01-23 21:31:36,Friday,21,Est,0,500,0.0
2026-01-23 21:48:36,Friday,21,Ouest,0,500,0.0
2026-01-23 21:48:36,Friday,21,Est,0,500,0.0
2026-01-23 22:00:57,Friday,22,Ouest,0,500,0.0
2026-01-23 22:00:57,Friday,22,Est,0,500,0.0
2026-01-23 22:31:34,Friday,22,Ouest,0,500,0.0
2026-01-23 22:31:34,Friday,22,Est,0,500,0.0
2026-01-23 22:49:34,Friday,22,Ouest,0,500,0.0
2026-01-23 22:49:34,Friday,22,Est,0,500,0.0
2026-01-23 23:11:57,Friday,23,Ouest,0,500,0.0
2026-01-23 23:11:57,Friday,23,Est,0,500,0.0
2026-01-23 23:35:52,Friday,23,Ouest,0,500,0.0
2026-01-23 23:35:52,Friday,23,Est,0,500,0.0
2026-01-23 23:51:18,Friday,23,Ouest,0,500,0.0
2026-01-23 23:51:18,Friday,23,Est,0,500,0.0
2026-01-24 01:10:07,Saturday,1,Ouest,0,500,0.0
2026-01-24 01:10:07,Saturday,1,Est,0,500,0.0
2026-01-24 03:02:20,Saturday,3,Est,0,500,0.0
2026-01-24 03:02:20,Saturday,3,Ouest,0,500,0.0
2026-01-24 04:04:19,Saturday,4,Ouest,0,500,0.0
2026-01-24 04:04:19,Saturday,4,Est,0,500,0.0
2026-01-24 04:46:04,Saturday,4,Ouest,0,500,0.0
2026-01-24 04:46:04,Saturday,4,Est,0,500,0.0
2026-01-24 05:02:40,Saturday,5,Ouest,0,500,0.0
2026-01-24 05:02:40,Saturday,5,Est,0,500,0.0
2026-01-24 05:34:19,Saturday,5,Est,0,500,0.0
2026-01-24 05:34:19,Saturday,5,Ouest,0,500,0.0
2026-01-24 05:50:45,Saturday,5,Est,0,500,0.0
2026-01-24 05:50:45,Saturday,5,Ouest,0,500,0.0
2026-01-24 06:21:17,Saturday,6,Ouest,0,500,0.0
2026-01-24 06:21:17,Saturday,6,Est,0,500,0.0
2026-01-24 06:52:43,Saturday,6,Ouest,0,500,0.0
2026-01-24 06:52:43,Saturday,6,Est,0,500,0.0
2026-01-24 07:18:25,Saturday,7,Ouest,0,500,0.0
2026-01-24 07:18:25,Saturday,7,Est,0,500,0.0
2026-01-24 07:37:18,Saturday,7,Est,0,500,0.0
2026-01-24 07:37:18,Saturday,7,Ouest,0,500,0.0
2026-01-24 07:49:43,Saturday,7,Est,0,500,0.0
2026-01-24 07:49:43,Saturday,7,Ouest,0,500,0.0
2026-01-24 08:14:42,Saturday,8,Ouest,42,500,8.4
2026-01-24 08:14:42,Saturday,8,Est,0,500,0.0
2026-01-24 08:44:41,Saturday,8,Est,0,500,0.0
2026-01-24 08:44:41,Saturday,8,Ouest,44,500,8.8
2026-01-24 08:59:45,Saturday,8,Ouest,44,500,8.8
2026-01-24 08:59:45,Saturday,8,Est,0,500,0.0
2026-01-24 09:31:02,Saturday,9,Est,0,500,0.0
2026-01-24 09:31:02,Saturday,9,Ouest,75,500,15.0
2026-01-24 09:47:15,Saturday,9,Ouest,77,500,15.4
2026-01-24 09:47:15,Saturday,9,Est,0,500,0.0
2026-01-24 09:59:13,Saturday,9,Ouest,88,500,17.6
2026-01-24 09:59:13,Saturday,9,Est,0,500,0.0
2026-01-24 10:32:15,Saturday,10,Est,0,500,0.0
2026-01-24 10:32:15,Saturday,10,Ouest,65,500,13.0
2026-01-24 10:49:58,Saturday,10,Ouest,62,500,12.4
2026-01-24 10:49:58,Saturday,10,Est,0,500,0.0
2026-01-24 11:10:25,Saturday,11,Est,0,500,0.0
2026-01-24 11:10:25,Saturday,11,Ouest,69,500,13.8
2026-01-24 11:30:07,Saturday,11,Ouest,56,500,11.2
2026-01-24 11:30:07,Saturday,11,Est,0,500,0.0
2026-01-24 11:44:43,Saturday,11,Ouest,66,500,13.2
2026-01-24 11:44:43,Saturday,11,Est,0,500,0.0
2026-01-24 11:57:04,Saturday,11,Ouest,84,500,16.8
2026-01-24 11:57:04,Saturday,11,Est,0,500,0.0
2026-01-24 12:57:24,Saturday,12,Est,0,500,0.0
2026-01-24 12:57:24,Saturday,12,Ouest,76,500,15.2
2026-01-24 13:37:20,Saturday,13,Ouest,72,500,14.4
2026-01-24 13:37:20,Saturday,13,Est,0,500,0.0
2026-01-24 13:52:49,Saturday,13,Est,0,500,0.0
2026-01-24 13:52:49,Saturday,13,Ouest,81,500,16.2
2026-01-24 14:17:53,Saturday,14,Ouest,97,500,19.4
2026-01-24 14:17:53,Saturday,14,Est,0,500,0.0
2026-01-24 14:40:11,Saturday,14,Ouest,112,500,22.4
2026-01-24 14:40:11,Saturday,14,Est,0,500,0.0
2026-01-24 14:53:35,Saturday,14,Est,0,500,0.0
2026-01-24 14:53:35,Saturday,14,Ouest,121,500,24.2
2026-01-24 15:20:07,Saturday,15,Est,0,500,0.0
2026-01-24 15:20:07,Saturday,15,Ouest,101,500,20.2
2026-01-24 15:39:13,Saturday,15,Ouest,108,500,21.6
2026-01-24 15:39:13,Saturday,15,Est,0,500,0.0
2026-01-24 15:52:01,Saturday,15,Ouest,114,500,22.8
2026-01-24 15:52:01,Saturday,15,Est,0,500,0.0
2026-01-24 16:19:46,Saturday,16,Ouest,103,500,20.6
2026-01-24 16:19:46,Saturday,16,Est,0,500,0.0
2026-01-24 16:45:34,Saturday,16,Est,0,500,0.0
2026-01-24 16:45:34,Saturday,16,Ouest,58,500,11.6
2026-01-24 16:58:49,Saturday,16,Ouest,45,500,9.0
2026-01-24 16:58:49,Saturday,16,Est,0,500,0.0
2026-01-24 17:27:24,Saturday,17,Ouest,-4,500,-0.8
2026-01-24 17:27:24,Saturday,17,Est,0,500,0.0
2026-01-24 17:45:23,Saturday,17,Est,0,500,0.0
2026-01-24 17:45:23,Saturday,17,Ouest,-4,500,-0.8
2026-01-24 17:57:49,Saturday,17,Est,0,500,0.0
2026-01-24 17:57:49,Saturday,17,Ouest,-4,500,-0.8
2026-01-24 18:41:04,Saturday,18,Est,0,500,0.0
2026-01-24 18:41:04,Saturday,18,Ouest,-4,500,-0.8
2026-01-24 18:59:00,Saturday,18,Est,0,500,0.0
2026-01-24 18:59:00,Saturday,18,Ouest,-4,500,-0.8
2026-01-24 19:24:52,Saturday,19,Ouest,-4,500,-0.8
2026-01-24 19:24:52,Saturday,19,Est,0,500,0.0
2026-01-24 19:39:17,Saturday,19,Est,0,500,0.0
2026-01-24 19:39:17,Saturday,19,Ouest,-4,500,-0.8
2026-01-24 19:51:33,Saturday,19,Est,0,500,0.0
2026-01-24 19:51:33,Saturday,19,Ouest,-4,500,-0.8
2026-01-24 20:16:36,Saturday,20,Est,0,500,0.0
2026-01-24 20:16:36,Saturday,20,Ouest,-4,500,-0.8
2026-01-24 20:39:10,Saturday,20,Ouest,-4,500,-0.8
2026-01-24 20:39:10,Saturday,20,Est,0,500,0.0
2026-01-24 20:52:44,Saturday,20,Ouest,-4,500,-0.8
2026-01-24 20:52:44,Saturday,20,Est,0,500,0.0
2026-01-24 21:16:39,Saturday,21,Ouest,-4,500,-0.8
2026-01-24 21:16:39,Saturday,21,Est,0,500,0.0
2026-01-24 21:34:23,Saturday,21,Est,0,500,0.0
2026-01-24 21:34:23,Saturday,21,Ouest,-4,500,-0.8
2026-01-24 21:47:13,Saturday,21,Ouest,-4,500,-0.8
2026-01-24 21:47:13,Saturday,21,Est,0,500,0.0
2026-01-24 21:59:29,Saturday,21,Ouest,-4,500,-0.8
2026-01-24 21:59:29,Saturday,21,Est,0,500,0.0
2026-01-24 22:30:34,Saturday,22,Ouest,-4,500,-0.8
2026-01-24 22:30:34,Saturday,22,Est,0,500,0.0
2026-01-24 22:48:19,Saturday,22,Est,0,500,0.0
2026-01-24 22:48:19,Saturday,22,Ouest,-4,500,-0.8
2026-01-24 23:00:06,Saturday,23,Est,0,500,0.0
2026-01-24 23:00:06,Saturday,23,Ouest,-4,500,-0.8
2026-01-24 23:28:39,Saturday,23,Ouest,0,500,0.0
2026-01-24 23:28:39,Saturday,23,Est,0,500,0.0
2026-01-24 23:45:06,Saturday,23,Ouest,0,500,0.0
2026-01-24 23:45:06,Saturday,23,Est,0,500,0.0
2026-01-24 23:57:25,Saturday,23,Ouest,0,500,0.0
2026-01-24 23:57:25,Saturday,23,Est,0,500,0.0
2026-01-25 02:37:25,Sunday,2,Est,0,500,0.0
2026-01-25 02:37:25,Sunday,2,Ouest,0,500,0.0
2026-01-25 04:07:25,Sunday,4,Ouest,0,500,0.0
2026-01-25 04:07:25,Sunday,4,Est,0,500,0.0
2026-01-25 04:59:55,Sunday,4,Ouest,0,500,0.0
2026-01-25 04:59:55,Sunday,4,Est,0,500,0.0
2026-01-25 05:37:34,Sunday,5,Est,0,500,0.0
2026-01-25 05:37:34,Sunday,5,Ouest,0,500,0.0
2026-01-25 05:56:40,Sunday,5,Est,0,500,0.0
2026-01-25 05:56:40,Sunday,5,Ouest,0,500,0.0
2026-01-25 06:43:07,Sunday,6,Ouest,0,500,0.0
2026-01-25 06:43:07,Sunday,6,Est,0,500,0.0
2026-01-25 07:01:29,Sunday,7,Ouest,0,500,0.0
2026-01-25 07:01:29,Sunday,7,Est,0,500,0.0
2026-01-25 07:31:32,Sunday,7,Ouest,0,500,0.0
2026-01-25 07:31:32,Sunday,7,Est,0,500,0.0
2026-01-25 07:47:09,Sunday,7,Ouest,0,500,0.0
2026-01-25 07:47:09,Sunday,7,Est,0,500,0.0
2026-01-25 07:59:23,Sunday,7,Ouest,0,500,0.0
2026-01-25 07:59:23,Sunday,7,Est,0,500,0.0
2026-01-25 08:38:34,Sunday,8,Ouest,78,500,15.6
2026-01-25 08:38:34,Sunday,8,Est,0,500,0.0
2026-01-25 08:57:01,Sunday,8,Est,0,500,0.0
2026-01-25 08:57:01,Sunday,8,Ouest,115,500,23.0
2026-01-25 09:30:37,Sunday,9,Ouest,153,500,30.6
2026-01-25 09:30:37,Sunday,9,Est,0,500,0.0
2026-01-25 09:48:11,Sunday,9,Est,0,500,0.0
2026-01-25 09:48:11,Sunday,9,Ouest,176,500,35.2
2026-01-25 09:59:51,Sunday,9,Est,0,500,0.0
2026-01-25 09:59:51,Sunday,9,Ouest,189,500,37.8
2026-01-25 10:33:51,Sunday,10,Est,0,500,0.0
2026-01-25 10:33:51,Sunday,10,Ouest,221,500,44.2
2026-01-25 10:51:59,Sunday,10,Est,0,500,0.0
2026-01-25 10:51:59,Sunday,10,Ouest,247,500,49.4
2026-01-25 11:14:08,Sunday,11,Est,0,500,0.0
2026-01-25 11:14:08,Sunday,11,Ouest,215,500,43.0
2026-01-25 11:32:12,Sunday,11,Ouest,185,500,37.0
2026-01-25 11:32:12,Sunday,11,Est,0,500,0.0
2026-01-25 11:45:41,Sunday,11,Ouest,124,500,24.8
2026-01-25 11:45:41,Sunday,11,Est,0,500,0.0
2026-01-25 11:58:03,Sunday,11,Ouest,100,500,20.0
2026-01-25 11:58:03,Sunday,11,Est,0,500,0.0
2026-01-25 13:00:14,Sunday,13,Est,0,500,0.0
2026-01-25 13:00:14,Sunday,13,Ouest,31,500,6.2
2026-01-25 13:39:41,Sunday,13,Ouest,35,500,7.0
2026-01-25 13:39:41,Sunday,13,Est,0,500,0.0
2026-01-25 13:55:41,Sunday,13,Ouest,0,500,0.0
2026-01-25 13:55:41,Sunday,13,Est,0,500,0.0
2026-01-25 14:24:53,Sunday,14,Ouest,67,500,13.4
2026-01-25 14:24:53,Sunday,14,Est,0,500,0.0
2026-01-25 14:44:44,Sunday,14,Est,0,500,0.0
2026-01-25 14:44:44,Sunday,14,Ouest,117,500,23.4
2026-01-25 14:57:04,Sunday,14,Ouest,133,500,26.6
2026-01-25 14:57:04,Sunday,14,Est,0,500,0.0
2026-01-25 15:29:24,Sunday,15,Est,0,500,0.0
2026-01-25 15:29:24,Sunday,15,Ouest,158,500,31.6
2026-01-25 15:46:06,Sunday,15,Ouest,174,500,34.8
2026-01-25 15:46:06,Sunday,15,Est,0,500,0.0
2026-01-25 15:58:07,Sunday,15,Ouest,174,500,34.8
2026-01-25 15:58:07,Sunday,15,Est,0,500,0.0
2026-01-25 16:36:30,Sunday,16,Ouest,130,500,26.0
2026-01-25 16:36:30,Sunday,16,Est,0,500,0.0
2026-01-25 16:55:33,Sunday,16,Ouest,56,500,11.2
2026-01-25 16:55:33,Sunday,16,Est,0,500,0.0
2026-01-25 17:22:44,Sunday,17,Est,0,500,0.0
2026-01-25 17:22:44,Sunday,17,Ouest,-1,500,-0.2
2026-01-25 17:41:57,Sunday,17,Ouest,-1,500,-0.2
2026-01-25 17:41:57,Sunday,17,Est,0,500,0.0
2026-01-25 17:53:59,Sunday,17,Ouest,-1,500,-0.2
2026-01-25 17:53:59,Sunday,17,Est,0,500,0.0
2026-01-25 18:31:45,Sunday,18,Est,0,500,0.0
2026-01-25 18:31:45,Sunday,18,Ouest,-1,500,-0.2
2026-01-25 18:55:36,Sunday,18,Ouest,-1,500,-0.2
2026-01-25 18:55:36,Sunday,18,Est,0,500,0.0
2026-01-25 19:21:14,Sunday,19,Ouest,-1,500,-0.2
2026-01-25 19:21:14,Sunday,19,Est,0,500,0.0
2026-01-25 19:36:31,Sunday,19,Est,0,500,0.0
2026-01-25 19:36:31,Sunday,19,Ouest,-1,500,-0.2
2026-01-25 19:48:52,Sunday,19,Ouest,-1,500,-0.2
2026-01-25 19:48:52,Sunday,19,Est,0,500,0.0
2026-01-25 20:01:37,Sunday,20,Ouest,-1,500,-0.2
2026-01-25 20:01:37,Sunday,20,Est,0,500,0.0
2026-01-25 20:35:01,Sunday,20,Ouest,-1,500,-0.2
2026-01-25 20:35:01,Sunday,20,Est,0,500,0.0
2026-01-25 20:52:36,Sunday,20,Ouest,-1,500,-0.2
2026-01-25 20:52:36,Sunday,20,Est,0,500,0.0
2026-01-25 21:17:00,Sunday,21,Ouest,-1,500,-0.2
2026-01-25 21:17:00,Sunday,21,Est,0,500,0.0
2026-01-25 21:36:34,Sunday,21,Ouest,-1,500,-0.2
2026-01-25 21:36:34,Sunday,21,Est,0,500,0.0
2026-01-25 21:49:55,Sunday,21,Ouest,-1,500,-0.2
2026-01-25 21:49:55,Sunday,21,Est,0,500,0.0
2026-01-25 22:11:42,Sunday,22,Ouest,-1,500,-0.2
2026-01-25 22:11:42,Sunday,22,Est,0,500,0.0
2026-01-25 22:39:00,Sunday,22,Ouest,-1,500,-0.2
2026-01-25 22:39:00,Sunday,22,Est,0,500,0.0
2026-01-25 22:53:52,Sunday,22,Ouest,-1,500,-0.2
2026-01-25 22:53:52,Sunday,22,Est,0,500,0.0
2026-01-25 23:20:40,Sunday,23,Ouest,0,500,0.0
2026-01-25 23:20:40,Sunday,23,Est,0,500,0.0
2026-01-25 23:40:05,Sunday,23,Est,0,500,0.0
2026-01-25 23:40:05,Sunday,23,Ouest,0,500,0.0
2026-01-25 23:53:15,Sunday,23,Ouest,0,500,0.0
2026-01-25 23:53:15,Sunday,23,Est,0,500,0.0
2026-01-26 01:50:28,Monday,1,Ouest,0,500,0.0
2026-01-26 01:50:28,Monday,1,Est,0,500,0.0
2026-01-26 03:49:52,Monday,3,Ouest,0,500,0.0
2026-01-26 03:49:52,Monday,3,Est,0,500,0.0
2026-01-26 04:47:50,Monday,4,Ouest,0,500,0.0
2026-01-26 04:47:50,Monday,4,Est,0,500,0.0
2026-01-26 05:24:09,Monday,5,Ouest,0,500,0.0
2026-01-26 05:24:09,Monday,5,Est,0,500,0.0
2026-01-26 05:54:52,Monday,5,Est,0,500,0.0
2026-01-26 05:54:52,Monday,5,Ouest,0,500,0.0
2026-01-26 06:41:57,Monday,6,Ouest,0,500,0.0
2026-01-26 06:41:57,Monday,6,Est,0,500,0.0
2026-01-26 07:17:26,Monday,7,Ouest,0,500,0.0
2026-01-26 07:17:26,Monday,7,Est,0,500,0.0
2026-01-26 07:44:44,Monday,7,Est,0,500,0.0
2026-01-26 07:44:44,Monday,7,Ouest,0,500,0.0
2026-01-26 07:58:11,Monday,7,Ouest,0,500,0.0
2026-01-26 07:58:11,Monday,7,Est,0,500,0.0
2026-01-26 08:47:50,Monday,8,Ouest,0,500,0.0
2026-01-26 08:47:50,Monday,8,Est,0,500,0.0
2026-01-26 09:21:27,Monday,9,Ouest,0,500,0.0
2026-01-26 09:21:27,Monday,9,Est,0,500,0.0
2026-01-26 09:55:04,Monday,9,Ouest,0,500,0.0
2026-01-26 09:55:04,Monday,9,Est,0,500,0.0
2026-01-26 10:31:56,Monday,10,Ouest,0,500,0.0
2026-01-26 10:31:56,Monday,10,Est,0,500,0.0
2026-01-26 10:56:24,Monday,10,Ouest,0,500,0.0
2026-01-26 10:56:24,Monday,10,Est,0,500,0.0
2026-01-26 11:27:56,Monday,11,Est,0,500,0.0
2026-01-26 11:27:56,Monday,11,Ouest,0,500,0.0
2026-01-26 11:45:57,Monday,11,Ouest,0,500,0.0
2026-01-26 11:45:57,Monday,11,Est,0,500,0.0
2026-01-26 11:57:55,Monday,11,Ouest,0,500,0.0
2026-01-26 11:57:55,Monday,11,Est,0,500,0.0
2026-01-26 13:07:33,Monday,13,Ouest,0,500,0.0
2026-01-26 13:07:33,Monday,13,Est,0,500,0.0
2026-01-26 13:53:50,Monday,13,Ouest,0,500,0.0
2026-01-26 13:53:50,Monday,13,Est,0,500,0.0
2026-01-26 14:29:20,Monday,14,Ouest,0,500,0.0
2026-01-26 14:29:20,Monday,14,Est,0,500,0.0
2026-01-26 14:58:26,Monday,14,Ouest,5,500,1.0
2026-01-26 14:58:26,Monday,14,Est,0,500,0.0
2026-01-26 15:38:45,Monday,15,Ouest,30,500,6.0
2026-01-26 15:38:45,Monday,15,Est,0,500,0.0
2026-01-26 16:00:11,Monday,16,Ouest,67,500,13.4
2026-01-26 16:00:11,Monday,16,Est,0,500,0.0
2026-01-26 16:49:13,Monday,16,Ouest,129,500,25.8
2026-01-26 16:49:13,Monday,16,Est,0,500,0.0
2026-01-26 17:20:31,Monday,17,Ouest,122,500,24.4
2026-01-26 17:20:31,Monday,17,Est,0,500,0.0
2026-01-26 17:51:29,Monday,17,Ouest,109,500,21.8
2026-01-26 17:51:29,Monday,17,Est,0,500,0.0
2026-01-26 18:27:09,Monday,18,Ouest,111,500,22.2
2026-01-26 18:27:09,Monday,18,Est,0,500,0.0
2026-01-26 19:01:30,Monday,19,Ouest,145,500,29.0
2026-01-26 19:01:30,Monday,19,Est,0,500,0.0
2026-01-26 19:33:13,Monday,19,Ouest,116,500,23.2
2026-01-26 19:33:13,Monday,19,Est,0,500,0.0
2026-01-26 19:50:40,Monday,19,Ouest,96,500,19.2
2026-01-26 19:50:40,Monday,19,Est,0,500,0.0
2026-01-26 20:17:37,Monday,20,Ouest,91,500,18.2
2026-01-26 20:17:37,Monday,20,Est,0,500,0.0
2026-01-26 20:46:13,Monday,20,Ouest,91,500,18.2
2026-01-26 20:46:13,Monday,20,Est,0,500,0.0
2026-01-26 21:02:15,Monday,21,Ouest,89,500,17.8
2026-01-26 21:02:15,Monday,21,Est,0,500,0.0
2026-01-26 21:35:43,Monday,21,Ouest,89,500,17.8
2026-01-26 21:35:43,Monday,21,Est,0,500,0.0
2026-01-26 21:54:31,Monday,21,Ouest,89,500,17.8
2026-01-26 21:54:31,Monday,21,Est,0,500,0.0
2026-01-26 22:25:32,Monday,22,Est,0,500,0.0
2026-01-26 22:25:32,Monday,22,Ouest,89,500,17.8
2026-01-26 22:49:33,Monday,22,Ouest,89,500,17.8
2026-01-26 22:49:33,Monday,22,Est,0,500,0.0
2026-01-26 23:12:31,Monday,23,Est,0,500,0.0
2026-01-26 23:12:31,Monday,23,Ouest,0,500,0.0
2026-01-26 23:38:29,Monday,23,Ouest,0,500,0.0
2026-01-26 23:38:29,Monday,23,Est,0,500,0.0
2026-01-26 23:54:46,Monday,23,Est,0,500,0.0
2026-01-26 23:54:46,Monday,23,Ouest,0,500,0.0
2026-01-27 02:01:51,Tuesday,2,Ouest,0,500,0.0
2026-01-27 02:01:51,Tuesday,2,Est,0,500,0.0
2026-01-27 03:53:48,Tuesday,3,Est,0,500,0.0
2026-01-27 03:53:48,Tuesday,3,Ouest,0,500,0.0
2026-01-27 04:48:06,Tuesday,4,Ouest,0,500,0.0
2026-01-27 04:48:06,Tuesday,4,Est,0,500,0.0
2026-01-27 05:17:47,Tuesday,5,Ouest,0,500,0.0
2026-01-27 05:17:47,Tuesday,5,Est,0,500,0.0
2026-01-27 05:47:17,Tuesday,5,Ouest,0,500,0.0
2026-01-27 05:47:17,Tuesday,5,Est,0,500,0.0
2026-01-27 06:00:57,Tuesday,6,Est,0,500,0.0
2026-01-27 06:00:57,Tuesday,6,Ouest,0,500,0.0
2026-01-27 06:52:28,Tuesday,6,Ouest,20,500,4.0
2026-01-27 06:52:28,Tuesday,6,Est,0,500,0.0
2026-01-27 07:49:51,Tuesday,7,Ouest,0,500,0.0
2026-01-27 07:49:51,Tuesday,7,Est,0,500,0.0
2026-01-27 08:18:57,Tuesday,8,Ouest,0,500,0.0
2026-01-27 08:18:57,Tuesday,8,Est,0,500,0.0
2026-01-27 08:53:37,Tuesday,8,Est,0,500,0.0
2026-01-27 08:53:37,Tuesday,8,Ouest,0,500,0.0
2026-01-27 09:33:22,Tuesday,9,Est,0,500,0.0
2026-01-27 09:33:22,Tuesday,9,Ouest,0,500,0.0
2026-01-27 09:58:38,Tuesday,9,Ouest,0,500,0.0
2026-01-27 09:58:38,Tuesday,9,Est,0,500,0.0
2026-01-27 10:40:29,Tuesday,10,Ouest,4,500,0.8
2026-01-27 10:40:29,Tuesday,10,Est,0,500,0.0
2026-01-27 11:01:59,Tuesday,11,Ouest,58,500,11.6
2026-01-27 11:01:59,Tuesday,11,Est,0,500,0.0
2026-01-27 11:33:34,Tuesday,11,Ouest,137,500,27.4
2026-01-27 11:33:34,Tuesday,11,Est,0,500,0.0
2026-01-27 11:52:23,Tuesday,11,Ouest,154,500,30.8
2026-01-27 11:52:23,Tuesday,11,Est,0,500,0.0
2026-01-27 12:41:17,Tuesday,12,Ouest,66,500,13.2
2026-01-27 12:41:17,Tuesday,12,Est,0,500,0.0
2026-01-27 13:35:51,Tuesday,13,Est,0,500,0.0
2026-01-27 13:35:51,Tuesday,13,Ouest,0,500,0.0
2026-01-27 14:05:55,Tuesday,14,Ouest,0,500,0.0
2026-01-27 14:05:55,Tuesday,14,Est,0,500,0.0
2026-01-27 14:50:27,Tuesday,14,Ouest,0,500,0.0
2026-01-27 14:50:27,Tuesday,14,Est,0,500,0.0
2026-01-27 15:22:26,Tuesday,15,Est,0,500,0.0
2026-01-27 15:22:26,Tuesday,15,Ouest,18,500,3.6
2026-01-27 15:50:44,Tuesday,15,Ouest,83,500,16.6
2026-01-27 15:50:44,Tuesday,15,Est,0,500,0.0
2026-01-27 16:21:08,Tuesday,16,Est,0,500,0.0
2026-01-27 16:21:08,Tuesday,16,Ouest,155,500,31.0
2026-01-27 16:55:21,Tuesday,16,Ouest,192,500,38.4
2026-01-27 16:55:21,Tuesday,16,Est,0,500,0.0
2026-01-27 17:32:29,Tuesday,17,Ouest,166,500,33.2
2026-01-27 17:32:29,Tuesday,17,Est,0,500,0.0
2026-01-27 17:56:55,Tuesday,17,Ouest,156,500,31.2
2026-01-27 17:56:55,Tuesday,17,Est,0,500,0.0
2026-01-27 18:52:51,Tuesday,18,Ouest,92,500,18.4
2026-01-27 18:52:51,Tuesday,18,Est,0,500,0.0
2026-01-27 19:24:14,Tuesday,19,Ouest,84,500,16.8
2026-01-27 19:24:14,Tuesday,19,Est,0,500,0.0
2026-01-27 19:48:18,Tuesday,19,Est,0,500,0.0
2026-01-27 19:48:18,Tuesday,19,Ouest,59,500,11.8
2026-01-27 19:59:48,Tuesday,19,Ouest,33,500,6.6
2026-01-27 19:59:48,Tuesday,19,Est,0,500,0.0
2026-01-27 20:34:44,Tuesday,20,Ouest,0,500,0.0
2026-01-27 20:34:44,Tuesday,20,Est,0,500,0.0
2026-01-27 20:55:10,Tuesday,20,Ouest,0,500,0.0
2026-01-27 20:55:10,Tuesday,20,Est,0,500,0.0
2026-01-27 21:22:58,Tuesday,21,Ouest,0,500,0.0
2026-01-27 21:22:58,Tuesday,21,Est,0,500,0.0
2026-01-27 21:42:10,Tuesday,21,Est,0,500,0.0
2026-01-27 21:42:10,Tuesday,21,Ouest,0,500,0.0
2026-01-27 21:55:11,Tuesday,21,Est,0,500,0.0
2026-01-27 21:55:11,Tuesday,21,Ouest,0,500,0.0
2026-01-27 22:27:03,Tuesday,22,Ouest,0,500,0.0
2026-01-27 22:27:03,Tuesday,22,Est,0,500,0.0
2026-01-27 22:49:04,Tuesday,22,Ouest,0,500,0.0
2026-01-27 22:49:04,Tuesday,22,Est,0,500,0.0
2026-01-27 23:10:28,Tuesday,23,Est,0,500,0.0
2026-01-27 23:10:28,Tuesday,23,Ouest,0,500,0.0
2026-01-27 23:36:18,Tuesday,23,Ouest,0,500,0.0
2026-01-27 23:36:18,Tuesday,23,Est,0,500,0.0
2026-01-27 23:53:21,Tuesday,23,Ouest,0,500,0.0
2026-01-27 23:53:21,Tuesday,23,Est,0,500,0.0
2026-01-28 01:45:13,Wednesday,1,Est,0,500,0.0
2026-01-28 01:45:13,Wednesday,1,Ouest,0,500,0.0
2026-01-28 03:26:02,Wednesday,3,Est,0,500,0.0
2026-01-28 03:26:02,Wednesday,3,Ouest,0,500,0.0
2026-01-28 04:32:12,Wednesday,4,Ouest,0,500,0.0
2026-01-28 04:32:12,Wednesday,4,Est,0,500,0.0
2026-01-28 05:03:16,Wednesday,5,Est,0,500,0.0
2026-01-28 05:03:16,Wednesday,5,Ouest,0,500,0.0
2026-01-28 05:42:36,Wednesday,5,Ouest,0,500,0.0
2026-01-28 05:42:36,Wednesday,5,Est,0,500,0.0
2026-01-28 05:59:58,Wednesday,5,Est,0,500,0.0
2026-01-28 05:59:58,Wednesday,5,Ouest,0,500,0.0
2026-01-28 06:52:21,Wednesday,6,Est,0,500,0.0
2026-01-28 06:52:21,Wednesday,6,Ouest,45,500,9.0
2026-01-28 07:23:07,Wednesday,7,Ouest,38,500,7.6
2026-01-28 07:23:07,Wednesday,7,Est,0,500,0.0
2026-01-28 07:47:25,Wednesday,7,Ouest,0,500,0.0
2026-01-28 07:47:25,Wednesday,7,Est,0,500,0.0
2026-01-28 07:59:16,Wednesday,7,Ouest,-2,500,-0.4
2026-01-28 07:59:16,Wednesday,7,Est,0,500,0.0
2026-01-28 08:47:56,Wednesday,8,Ouest,14,500,2.8
2026-01-28 08:47:56,Wednesday,8,Est,0,500,0.0
2026-01-28 09:21:16,Wednesday,9,Ouest,73,500,14.6
2026-01-28 09:21:16,Wednesday,9,Est,0,500,0.0
2026-01-28 09:54:22,Wednesday,9,Ouest,121,500,24.2
2026-01-28 09:54:22,Wednesday,9,Est,0,500,0.0
2026-01-28 10:31:46,Wednesday,10,Est,0,500,0.0
2026-01-28 10:31:46,Wednesday,10,Ouest,100,500,20.0
2026-01-28 10:58:34,Wednesday,10,Ouest,86,500,17.2
2026-01-28 10:58:34,Wednesday,10,Est,0,500,0.0
2026-01-28 11:31:50,Wednesday,11,Ouest,75,500,15.0
2026-01-28 11:31:50,Wednesday,11,Est,0,500,0.0
2026-01-28 11:50:19,Wednesday,11,Ouest,74,500,14.8
2026-01-28 11:50:19,Wednesday,11,Est,0,500,0.0
2026-01-28 12:29:11,Wednesday,12,Ouest,47,500,9.4
2026-01-28 12:29:11,Wednesday,12,Est,0,500,0.0
2026-01-28 13:31:44,Wednesday,13,Est,0,500,0.0
2026-01-28 13:31:44,Wednesday,13,Ouest,-1,500,-0.2
2026-01-28 14:05:10,Wednesday,14,Ouest,1,500,0.2
2026-01-28 14:05:10,Wednesday,14,Est,0,500,0.0
2026-01-28 14:51:35,Wednesday,14,Est,0,500,0.0
2026-01-28 14:51:35,Wednesday,14,Ouest,112,500,22.4
2026-01-28 15:21:52,Wednesday,15,Est,0,500,0.0
2026-01-28 15:21:52,Wednesday,15,Ouest,116,500,23.2
2026-01-28 15:57:32,Wednesday,15,Est,0,500,0.0
2026-01-28 15:57:32,Wednesday,15,Ouest,129,500,25.8
2026-01-28 16:51:19,Wednesday,16,Ouest,159,500,31.8
2026-01-28 16:51:19,Wednesday,16,Est,0,500,0.0
2026-01-28 17:27:29,Wednesday,17,Ouest,153,500,30.6
2026-01-28 17:27:29,Wednesday,17,Est,0,500,0.0
2026-01-28 17:58:44,Wednesday,17,Ouest,136,500,27.2
2026-01-28 17:58:44,Wednesday,17,Est,0,500,0.0
2026-01-28 18:50:27,Wednesday,18,Ouest,68,500,13.6
2026-01-28 18:50:27,Wednesday,18,Est,0,500,0.0
2026-01-28 19:20:21,Wednesday,19,Ouest,53,500,10.6
2026-01-28 19:20:21,Wednesday,19,Est,0,500,0.0
2026-01-28 19:49:06,Wednesday,19,Ouest,32,500,6.4
2026-01-28 19:49:06,Wednesday,19,Est,0,500,0.0
2026-01-28 20:15:45,Wednesday,20,Ouest,0,500,0.0
2026-01-28 20:15:45,Wednesday,20,Est,0,500,0.0
2026-01-28 20:52:11,Wednesday,20,Ouest,0,500,0.0
2026-01-28 20:52:11,Wednesday,20,Est,0,500,0.0
2026-01-28 21:26:03,Wednesday,21,Ouest,0,500,0.0
2026-01-28 21:26:03,Wednesday,21,Est,0,500,0.0
2026-01-28 21:55:01,Wednesday,21,Est,0,500,0.0
2026-01-28 21:55:01,Wednesday,21,Ouest,0,500,0.0
2026-01-28 22:31:27,Wednesday,22,Est,0,500,0.0
2026-01-28 22:31:27,Wednesday,22,Ouest,0,500,0.0
2026-01-28 22:57:45,Wednesday,22,Ouest,0,500,0.0
2026-01-28 22:57:45,Wednesday,22,Est,0,500,0.0
2026-01-28 23:35:21,Wednesday,23,Ouest,0,500,0.0
2026-01-28 23:35:21,Wednesday,23,Est,0,500,0.0
2026-01-28 23:55:26,Wednesday,23,Ouest,0,500,0.0
2026-01-28 23:55:26,Wednesday,23,Est,0,500,0.0
2026-01-29 02:29:17,Thursday,2,Est,0,500,0.0
2026-01-29 02:29:17,Thursday,2,Ouest,0,500,0.0
2026-01-29 04:19:12,Thursday,4,Ouest,0,500,0.0
2026-01-29 04:19:12,Thursday,4,Est,0,500,0.0
2026-01-29 05:26:01,Thursday,5,Est,0,500,0.0
2026-01-29 05:26:01,Thursday,5,Ouest,0,500,0.0
2026-01-29 06:06:07,Thursday,6,Est,0,500,0.0
2026-01-29 06:06:07,Thursday,6,Ouest,29,500,5.8
2026-01-29 07:05:46,Thursday,7,Ouest,47,500,9.4
2026-01-29 07:05:46,Thursday,7,Est,0,500,0.0
2026-01-29 07:52:49,Thursday,7,Est,0,500,0.0
2026-01-29 07:52:49,Thursday,7,Ouest,-17,500,-3.4
